TRADE_DT,EXPIRY,EXPIRY_CODE,MODEL,TARGET,TARGET_DELTA,LOG_MONEYNESS,STRIKE,MODEL_IV,ACHIEVED_DELTA,DELTA_ERROR,STATUS
2026-06-01,2026-06-22,2606,QUADRATIC,10CALL,0.1,0.08353547036647797,9029.432652784753,0.26526792927854137,0.10000000006601617,6.60161647569879e-11,OK
2026-06-01,2026-06-22,2606,QUADRATIC,25CALL,0.25,0.04322918578982352,8672.726805037983,0.2558220120665999,0.24999999996470032,3.529967984583493e-11,OK
2026-06-01,2026-06-22,2606,QUADRATIC,75PUT,-0.25,-0.03978919374942783,7981.807361253575,0.25803756060323335,-0.24999999995492236,4.507763606831361e-11,OK
2026-06-01,2026-06-22,2606,QUADRATIC,90PUT,-0.1,-0.0808433542847633,7660.756293064954,0.26991499635926924,-0.09999999997595997,2.4040033852479326e-11,OK
2026-06-01,2026-06-22,2606,QUADRATIC,ATM,,0.0,8305.8,0.25333485512041254,,,OK
2026-06-01,2026-07-17,2607,QUADRATIC,10CALL,0.1,0.13651289653778081,9439.759908894297,0.28875240741576186,0.09999999996297661,3.702339823608014e-11,OK
2026-06-01,2026-07-17,2607,QUADRATIC,25CALL,0.25,0.07222931516170504,8852.03136171124,0.28142918324659927,0.24999999997290495,2.7095048427128177e-11,OK
2026-06-01,2026-07-17,2607,QUADRATIC,75PUT,-0.25,-0.06267160397768025,7734.926996746538,0.28351437851018524,-0.25000000005232914,5.2329141020379666e-11,OK
2026-06-01,2026-07-17,2607,QUADRATIC,90PUT,-0.1,-0.12777072191238395,7247.430034351885,0.29297749829103054,-0.09999999994755886,5.2441148645776536e-11,OK
2026-06-01,2026-07-17,2607,QUADRATIC,ATM,,0.0,8235.2,0.2796053690616931,,,OK
2026-06-01,2026-08-21,2608,QUADRATIC,10CALL,0.1,0.18865167713165287,9895.78303674399,0.2967400384570825,0.09999999994678208,5.3217930062743335e-11,OK
2026-06-01,2026-08-21,2608,QUADRATIC,25CALL,0.25,0.09523752188682555,9013.239529895009,0.2744896913245507,0.2500000000160802,1.608019273291461e-11,OK
2026-06-01,2026-08-21,2608,QUADRATIC,75PUT,-0.25,-0.08167680621147146,7551.756816864342,0.28691866200016397,-0.2499999999662246,3.377539914417582e-11,OK
2026-06-01,2026-08-21,2608,QUADRATIC,90PUT,-0.1,-0.185509253501892,6806.974714844826,0.3274741550864953,-0.09999999997021768,2.978232938044556e-11,OK
2026-06-01,2026-08-21,2608,QUADRATIC,ATM,,0.0,8194.449488091796,0.27230504108694825,,,OK
2026-06-01,2026-09-18,2609,QUADRATIC,10CALL,0.1,0.2259814748764038,10130.960132618262,0.30362800774250304,0.09999999995140064,4.859936064693926e-11,OK
2026-06-01,2026-09-18,2609,QUADRATIC,25CALL,0.25,0.11545741951465607,9070.905007915202,0.28240999972819936,0.2500000000858615,8.586148458888943e-11,OK
2026-06-01,2026-09-18,2609,QUADRATIC,75PUT,-0.25,-0.09039716863632188,7383.27606503179,0.27801788888112383,-0.250000000010727,1.0726974863928262e-11,OK
2026-06-01,2026-09-18,2609,QUADRATIC,90PUT,-0.1,-0.19175528192520136,6671.597510520212,0.29265001797791057,-0.09999999998830619,1.169381258492308e-11,OK
2026-06-01,2026-09-18,2609,QUADRATIC,ATM,,0.0,8081.8,0.27431734108048156,,,OK
2026-06-01,2026-12-18,2612,QUADRATIC,10CALL,0.1,0.3011361193656922,10649.519602254124,0.2936141241742984,0.10000000008293021,8.293020437033505e-11,OK
2026-06-01,2026-12-18,2612,QUADRATIC,25CALL,0.25,0.15929408371448517,9241.209244588823,0.27901042931874726,0.24999999996767544,3.232455969559567e-11,OK
2026-06-01,2026-12-18,2612,QUADRATIC,75PUT,-0.25,-0.11610354006290424,7016.5744155050015,0.27744696368120886,-0.25000000005254003,5.2540027883907214e-11,OK
2026-06-01,2026-12-18,2612,QUADRATIC,90PUT,-0.1,-0.25070601773262025,6132.93020456539,0.28954978493473355,-0.10000000005149329,5.1493281860715e-11,OK
2026-06-01,2026-12-18,2612,QUADRATIC,ATM,,0.0,7880.4,0.2737940397243079,,,OK
2026-06-01,2027-03-19,2703,QUADRATIC,10CALL,0.1,0.3487679815292359,11078.268548789654,0.27913343764406406,0.10000000000914204,9.142034351761197e-12,OK
2026-06-01,2027-03-19,2703,QUADRATIC,25CALL,0.25,0.1885174796581268,9437.91322528367,0.2689178542853472,0.2500000000740061,7.400607904273215e-11,OK
2026-06-01,2027-03-19,2703,QUADRATIC,75PUT,-0.25,-0.136023715019226,6822.2798469310055,0.28272162583343274,-0.2499999999176188,8.238121296244572e-11,OK
2026-06-01,2027-03-19,2703,QUADRATIC,90PUT,-0.1,-0.31453314399719245,5706.947403772586,0.3100008773983321,-0.09999999997722585,2.2774157559801722e-11,OK
2026-06-01,2027-03-19,2703,QUADRATIC,ATM,,0.0,7816.347856307721,0.27131442766109504,,,OK
2026-06-02,2026-06-22,2606,QUADRATIC,10CALL,0.1,0.07998949140310287,9017.83675825766,0.26053773820972204,0.09999999998810921,1.1890793905067198e-11,OK
2026-06-02,2026-06-22,2606,QUADRATIC,25CALL,0.25,0.04137577393651008,8676.261738357905,0.25133997589174073,0.24999999998162592,1.8374080035243878e-11,OK
2026-06-02,2026-06-22,2606,QUADRATIC,75PUT,-0.25,-0.03821612927317624,8012.468231655484,0.2534373491235412,-0.24999999994835104,5.1648962884343064e-11,OK
2026-06-02,2026-06-22,2606,QUADRATIC,90PUT,-0.1,-0.07752496933937078,7703.617450652237,0.2649335438065835,-0.09999999992879846,7.120154466022655e-11,OK
2026-06-02,2026-06-22,2606,QUADRATIC,ATM,,0.0,8324.6,0.24889142825294208,,,OK
2026-06-02,2026-07-17,2607,QUADRATIC,10CALL,0.1,0.13192150509357456,9420.250813142247,0.2824718271285356,0.1000000000425019,4.250189089560763e-11,OK
2026-06-02,2026-07-17,2607,QUADRATIC,25CALL,0.25,0.06960908538103103,8851.166817550604,0.2748512060648383,0.24999999995803224,4.196776259846047e-11,OK
2026-06-02,2026-07-17,2607,QUADRATIC,75PUT,-0.25,-0.06141225415468221,7764.235169514075,0.2803769756953179,-0.24999999994608763,5.391237456464637e-11,OK
2026-06-02,2026-07-17,2607,QUADRATIC,90PUT,-0.1,-0.12689294075965868,7272.115706471489,0.2940847960125016,-0.09999999995858626,4.1413747431384706e-11,OK
2026-06-02,2026-07-17,2607,QUADRATIC,ATM,,0.0,8256.0,0.2741502681953043,,,OK
2026-06-02,2026-08-21,2608,QUADRATIC,10CALL,0.1,0.1800934956073761,9860.291705494827,0.28567820488307627,0.09999999991121389,8.878611734708386e-11,OK
2026-06-02,2026-08-21,2608,QUADRATIC,25CALL,0.25,0.09273979252576828,9035.507110715578,0.2695168294069644,0.2499999999731382,2.686179056965443e-11,OK
2026-06-02,2026-08-21,2608,QUADRATIC,75PUT,-0.25,-0.08262828779220566,7582.128534330211,0.2924816376913646,-0.24999999992113958,7.886041819560319e-11,OK
2026-06-02,2026-08-21,2608,QUADRATIC,90PUT,-0.1,-0.19384252667427057,6784.087053806203,0.34537632691930886,-0.10000000000652481,6.524808471297661e-12,OK
2026-06-02,2026-08-21,2608,QUADRATIC,ATM,,0.0,8235.237942857128,0.27244545828915084,,,OK
2026-06-02,2026-09-18,2609,QUADRATIC,10CALL,0.1,0.22500660920143128,10151.895962241328,0.3037849091525896,0.10000000008945105,8.945104379431967e-11,OK
2026-06-02,2026-09-18,2609,QUADRATIC,25CALL,0.25,0.11536546576023102,9097.679117055257,0.2834984644141484,0.25000000004347217,4.3472170307978786e-11,OK
2026-06-02,2026-09-18,2609,QUADRATIC,75PUT,-0.25,-0.09047541797161088,7405.1703722056345,0.27956178089884054,-0.2499999999446425,5.5357496364649705e-11,OK
2026-06-02,2026-09-18,2609,QUADRATIC,90PUT,-0.1,-0.1917458319664001,6691.968267019404,0.2939800744994471,-0.10000000004356382,4.356381921866159e-11,OK
2026-06-02,2026-09-18,2609,QUADRATIC,ATM,,0.0,8106.4,0.2758032715727123,,,OK
2026-06-02,2026-12-18,2612,QUADRATIC,10CALL,0.1,0.29487229871749876,10609.343320362841,0.288661000281317,0.10000000009987992,9.987990989834827e-11,OK
2026-06-02,2026-12-18,2612,QUADRATIC,25CALL,0.25,0.15863097620010375,9258.05270653655,0.2786728993921054,0.24999999994530528,5.46947209745241e-11,OK
2026-06-02,2026-12-18,2612,QUADRATIC,75PUT,-0.25,-0.1162976255416869,7032.660853043307,0.2786920462942671,-0.25000000009828854,9.828854397042619e-11,OK
2026-06-02,2026-12-18,2612,QUADRATIC,90PUT,-0.1,-0.2492195253372192,6157.329951429224,0.2883765632121336,-0.09999999991588558,8.411442375955147e-11,OK
2026-06-02,2026-12-18,2612,QUADRATIC,ATM,,0.0,7900.0,0.27539146093287264,,,OK
2026-06-02,2027-03-19,2703,QUADRATIC,10CALL,0.1,0.34314771056175236,11071.01413800006,0.27546758652972037,0.10000000000887807,8.878064949868758e-12,OK
2026-06-02,2027-03-19,2703,QUADRATIC,25CALL,0.25,0.18553532409667967,9456.647822280573,0.26566864573051535,0.2499999999645654,3.54345996989025e-11,OK
2026-06-02,2027-03-19,2703,QUADRATIC,75PUT,-0.25,-0.13572558069229115,6858.28261448294,0.28237653893847636,-0.2499999999831659,1.6834089677786324e-11,OK
2026-06-02,2027-03-19,2703,QUADRATIC,90PUT,-0.1,-0.31724147772789,5719.841902673324,0.3135763916762991,-0.09999999998631523,1.3684775534983373e-11,OK
2026-06-02,2027-03-19,2703,QUADRATIC,ATM,,0.0,7855.254283326451,0.2693136756676424,,,OK
2026-06-03,2026-06-22,2606,QUADRATIC,10CALL,0.1,0.07379142272472383,9009.270745984699,0.24702493178660778,0.09999999991783945,8.216055613630147e-11,OK
2026-06-03,2026-06-22,2606,QUADRATIC,25CALL,0.25,0.03870152223110199,8698.618583596579,0.24182083708989574,0.25000000006321105,6.321104750739437e-11,OK
2026-06-03,2026-06-22,2606,QUADRATIC,75PUT,-0.25,-0.03665894958376887,8067.178216428399,0.24892457654790182,-0.25000000000902756,9.027556480134535e-12,OK
2026-06-03,2026-06-22,2606,QUADRATIC,90PUT,-0.1,-0.0748014528751374,7765.270210018765,0.2620279963729843,-0.0999999999320828,6.791719964205356e-11,OK
2026-06-03,2026-06-22,2606,QUADRATIC,ATM,,0.0,8368.4,0.24235310440415928,,,OK
2026-06-03,2026-07-17,2607,QUADRATIC,10CALL,0.1,0.12205039906501769,9372.686440279042,0.26499881147477317,0.10000000003892984,3.8929831580603036e-11,OK
2026-06-03,2026-07-17,2607,QUADRATIC,25CALL,0.25,0.0652233040928841,8854.914952479927,0.2614698623683897,0.24999999991056976,8.943024099039576e-11,OK
2026-06-03,2026-07-17,2607,QUADRATIC,75PUT,-0.25,-0.0597066713571549,7814.98223966815,0.2750023158326715,-0.24999999997274,2.725999981301186e-11,OK
2026-06-03,2026-07-17,2607,QUADRATIC,90PUT,-0.1,-0.12545172357559192,7317.711474951399,0.29387785732230254,-0.10000000005798686,5.798685143165727e-11,OK
2026-06-03,2026-07-17,2607,QUADRATIC,ATM,,0.0,8295.8,0.26488350716802056,,,OK
2026-06-03,2026-08-21,2608,QUADRATIC,10CALL,0.1,0.16458908402919775,9766.249433087885,0.26380547657819464,0.09999999999348619,6.5138172633538716e-12,OK
2026-06-03,2026-08-21,2608,QUADRATIC,25CALL,0.25,0.0848539619445801,9017.772787112946,0.24983486543379446,0.2500000000231258,2.3125779069488317e-11,OK
2026-06-03,2026-08-21,2608,QUADRATIC,75PUT,-0.25,-0.08470362412929519,7611.344244463103,0.3026775161630877,-0.24999999992340535,7.659464729137255e-11,OK
2026-06-03,2026-08-21,2608,QUADRATIC,90PUT,-0.1,-0.255874303817749,6413.9103147093565,0.46992576003998765,-0.09999999999236463,7.635378440618013e-12,OK
2026-06-03,2026-08-21,2608,QUADRATIC,ATM,,0.0,8284.144794966935,0.26224271561481327,,,OK
2026-06-03,2026-09-18,2609,QUADRATIC,10CALL,0.1,0.2145227723121643,10086.917019267485,0.2917556767884362,0.09999999992952657,7.047343264510175e-11,OK
2026-06-03,2026-09-18,2609,QUADRATIC,25CALL,0.25,0.110724884390831,9092.422293425192,0.27438726976010197,0.24999999991201,8.799000417170078e-11,OK
2026-06-03,2026-09-18,2609,QUADRATIC,75PUT,-0.25,-0.08973160493373857,7440.848308391237,0.27820406448028223,-0.2500000000985091,9.850908977426798e-11,OK
2026-06-03,2026-09-18,2609,QUADRATIC,90PUT,-0.1,-0.19442202401161185,6701.252459712998,0.2997657727674256,-0.10000000004693953,4.693952171397342e-11,OK
2026-06-03,2026-09-18,2609,QUADRATIC,ATM,,0.0,8139.4,0.270409570693766,,,OK
2026-06-03,2026-12-18,2612,QUADRATIC,10CALL,0.1,0.29191430401802054,10604.251477813732,0.2866873447082874,0.10000000001473872,1.4738710252260034e-11,OK
2026-06-03,2026-12-18,2612,QUADRATIC,25CALL,0.25,0.15515550768375397,9248.8221398519,0.2739529606840797,0.2500000000149391,1.4939105508204875e-11,OK
2026-06-03,2026-12-18,2612,QUADRATIC,75PUT,-0.25,-0.11511665868759144,7058.439836924821,0.275916527612825,-0.2500000000062944,6.294409438112325e-12,OK
2026-06-03,2026-12-18,2612,QUADRATIC,90PUT,-0.1,-0.2502463483810424,6166.271443501882,0.2904083998903078,-0.10000000004460963,4.4609621552282874e-11,OK
2026-06-03,2026-12-18,2612,QUADRATIC,ATM,,0.0,7919.6,0.2706753642351985,,,OK
2026-06-03,2027-03-19,2703,QUADRATIC,10CALL,0.1,0.31985744476318356,10880.380933164097,0.2586355732993967,0.1000000000455984,4.5598400055801847e-11,OK
2026-06-03,2027-03-19,2703,QUADRATIC,25CALL,0.25,0.17962283778190613,9456.729893397684,0.25872414729118437,0.24999999996358066,3.64193397661694e-11,OK
2026-06-03,2027-03-19,2703,QUADRATIC,75PUT,-0.25,-0.13827362358570092,6881.455499326906,0.2898209517629092,-0.250000000015318,1.531802462650944e-11,OK
2026-06-03,2027-03-19,2703,QUADRATIC,90PUT,-0.1,-0.3307711982727052,5676.4873096074525,0.3294940577566391,-0.100000000082895,8.289499642266662e-11,OK
2026-06-03,2027-03-19,2703,QUADRATIC,ATM,,0.0,7901.904515194101,0.2710259537883895,,,OK
2026-06-04,2026-06-22,2606,QUADRATIC,10CALL,0.1,0.07265649402141572,8984.426755384822,0.2499672333395139,0.10000000006717165,6.717164324765434e-11,OK
2026-06-04,2026-06-22,2606,QUADRATIC,25CALL,0.25,0.03819744172692299,8680.10535026534,0.24532138469584658,0.24999999994138858,5.861142127194796e-11,OK
2026-06-04,2026-06-22,2606,QUADRATIC,75PUT,-0.25,-0.036313410103321106,8056.851229679414,0.2532120395774035,-0.2500000000884826,8.848261012772696e-11,OK
2026-06-04,2026-06-22,2606,QUADRATIC,90PUT,-0.1,-0.074090778708458,7758.161959814868,0.26658339542648396,-0.10000000001717417,1.7174164868016817e-11,OK
2026-06-04,2026-06-22,2606,QUADRATIC,ATM,,0.0,8354.8,0.2463023212642912,,,OK
2026-06-04,2026-07-17,2607,QUADRATIC,10CALL,0.1,0.121057036280632,9350.06205160595,0.2659487634009541,0.10000000004894793,4.8947929043308136e-11,OK
2026-06-04,2026-07-17,2607,QUADRATIC,25CALL,0.25,0.06470757007598879,8837.760554432754,0.26251361705622084,0.25000000007530354,7.530354118046034e-11,OK
2026-06-04,2026-07-17,2607,QUADRATIC,75PUT,-0.25,-0.059473532021045744,7805.685758261996,0.2769905319788708,-0.24999999996869804,3.130196102318905e-11,OK
2026-06-04,2026-07-17,2607,QUADRATIC,90PUT,-0.1,-0.12533349454402912,7308.166700841946,0.2969772227034604,-0.10000000005582177,5.582176387797233e-11,OK
2026-06-04,2026-07-17,2607,QUADRATIC,ATM,,0.0,8284.0,0.26627251549889863,,,OK
2026-06-04,2026-08-21,2608,QUADRATIC,10CALL,0.1,0.16634875297546386,9771.047477703272,0.26819970295145046,0.10000000000028235,2.823435929499851e-13,OK
2026-06-04,2026-08-21,2608,QUADRATIC,25CALL,0.25,0.08407868379354479,8999.361269938356,0.24929184174640218,0.25000000000285605,2.856048730848215e-12,OK
2026-06-04,2026-08-21,2608,QUADRATIC,75PUT,-0.25,-0.08360181164741502,7610.075624722799,0.300114475236092,-0.24999999996868844,3.131156445235206e-11,OK
2026-06-04,2026-08-21,2608,QUADRATIC,90PUT,-0.1,-0.2626061372756958,6362.801601514232,0.4866831199086186,-0.10000000003780576,3.780575852374568e-11,OK
2026-06-04,2026-08-21,2608,QUADRATIC,ATM,,0.0,8273.643009242527,0.2597886394420418,,,OK
2026-06-04,2026-09-18,2609,QUADRATIC,10CALL,0.1,0.2154135398864746,10077.796649742688,0.2942738701948861,0.09999999995301531,4.6984693913287856e-11,OK
2026-06-04,2026-09-18,2609,QUADRATIC,25CALL,0.25,0.11004077553749084,9069.905889611966,0.2741179784014352,0.24999999990927105,9.072895212902665e-11,OK
2026-06-04,2026-09-18,2609,QUADRATIC,75PUT,-0.25,-0.08904716598987567,7432.586742599146,0.2770585595433549,-0.24999999990446672,9.553327573463832e-11,OK
2026-06-04,2026-09-18,2609,QUADRATIC,90PUT,-0.1,-0.1938069813251495,6693.347557000743,0.300148407770958,-0.10000000004068177,4.068176351346153e-11,OK
2026-06-04,2026-09-18,2609,QUADRATIC,ATM,,0.0,8124.8,0.2691116922344396,,,OK
2026-06-04,2026-12-18,2612,QUADRATIC,10CALL,0.1,0.28694928455352786,10536.276314658015,0.2828628356600518,0.09999999991362385,8.637615622753003e-11,OK
2026-06-04,2026-12-18,2612,QUADRATIC,25CALL,0.25,0.15456556034088137,9229.828481745008,0.27371363936186954,0.24999999999540412,4.595879232738298e-12,OK
2026-06-04,2026-12-18,2612,QUADRATIC,75PUT,-0.25,-0.11501021659374225,7048.851450395728,0.2762850556224348,-0.25000000007591905,7.591904882531253e-11,OK
2026-06-04,2026-12-18,2612,QUADRATIC,90PUT,-0.1,-0.2477974910736084,6172.33625807685,0.2880058763432158,-0.09999999991400103,8.599897183270144e-11,OK
2026-06-04,2026-12-18,2612,QUADRATIC,ATM,,0.0,7908.0,0.2717097161724388,,,OK
2026-06-04,2027-03-19,2703,QUADRATIC,10CALL,0.1,0.32466004562377926,10918.901310688143,0.26266896555867,0.09999999993092436,6.907564797931087e-11,OK
2026-06-04,2027-03-19,2703,QUADRATIC,25CALL,0.25,0.17639843273162842,9414.336997196566,0.25510117365470436,0.24999999993136046,6.86395384974503e-11,OK
2026-06-04,2027-03-19,2703,QUADRATIC,75PUT,-0.25,-0.13761418437957756,6877.265542185811,0.2884813595063299,-0.2500000000341641,3.4164115980672705e-11,OK
2026-06-04,2027-03-19,2703,QUADRATIC,90PUT,-0.1,-0.3460285038948058,5583.4496552498795,0.3476964424521698,-0.10000000005040127,5.04012664936937e-11,OK
2026-06-04,2027-03-19,2703,QUADRATIC,ATM,,0.0,7891.887294335806,0.26559016551999587,,,OK
2026-06-05,2026-06-22,2606,QUADRATIC,10CALL,0.1,0.07264301347732544,8916.558806438838,0.25716292256351836,0.09999999993770854,6.229146365388516e-11,OK
2026-06-05,2026-06-22,2606,QUADRATIC,25CALL,0.25,0.037899728089571004,8612.088042964699,0.25052805192982014,0.24999999992805247,7.19475312660478e-11,OK
2026-06-05,2026-06-22,2606,QUADRATIC,75PUT,-0.25,-0.03567716163396838,8001.187058744281,0.2557706871856604,-0.25000000004778544,4.778544226979875e-11,OK
2026-06-05,2026-06-22,2606,QUADRATIC,90PUT,-0.1,-0.0724874439835549,7712.015989749378,0.2682302275798269,-0.10000000003612126,3.6121258761845354e-11,OK
2026-06-05,2026-06-22,2606,QUADRATIC,ATM,,0.0,8291.8,0.24995524684888604,,,OK
2026-06-05,2026-07-17,2607,QUADRATIC,10CALL,0.1,0.1227773514986038,9287.016663113463,0.2727866928334494,0.10000000008519555,8.519554506314364e-11,OK
2026-06-05,2026-07-17,2607,QUADRATIC,25CALL,0.25,0.06582501077651978,8772.878961198363,0.2699210925134153,0.24999999995027003,4.9729970141854096e-11,OK
2026-06-05,2026-07-17,2607,QUADRATIC,75PUT,-0.25,-0.06015383899211889,7734.463925197897,0.2837258589245348,-0.2500000000219078,2.190780890032329e-11,OK
2026-06-05,2026-07-17,2607,QUADRATIC,90PUT,-0.1,-0.1259208117723464,7242.157822414951,0.30195518029148255,-0.09999999998558733,1.441267938329105e-11,OK
2026-06-05,2026-07-17,2607,QUADRATIC,ATM,,0.0,8214.0,0.27367318366451976,,,OK
2026-06-05,2026-08-21,2608,QUADRATIC,10CALL,0.1,0.17159193313121798,9732.292020283045,0.2780526354314268,0.09999999998050535,1.9494655889573664e-11,OK
2026-06-05,2026-08-21,2608,QUADRATIC,25CALL,0.25,0.08657191222906112,8939.050806359122,0.2577766504696367,0.2499999999979402,2.059796777587053e-12,OK
2026-06-05,2026-08-21,2608,QUADRATIC,75PUT,-0.25,-0.08492052495479571,7530.315745299668,0.30743516282926225,-0.24999999998124872,1.8751278307860275e-11,OK
2026-06-05,2026-08-21,2608,QUADRATIC,90PUT,-0.1,-0.2579848794937134,6333.624214446621,0.48030304610366803,-0.10000000006039603,6.039602151730605e-11,OK
2026-06-05,2026-08-21,2608,QUADRATIC,ATM,,0.0,8197.731728545441,0.2677108657634935,,,OK
2026-06-05,2026-09-18,2609,QUADRATIC,10CALL,0.1,0.22105241346359253,10048.465288319245,0.3029698927358211,0.09999999997093617,2.9063834672271582e-11,OK
2026-06-05,2026-09-18,2609,QUADRATIC,25CALL,0.25,0.11289543235301971,9018.363920658949,0.28189569087965366,0.250000000036275,3.6274983017392515e-11,OK
2026-06-05,2026-09-18,2609,QUADRATIC,75PUT,-0.25,-0.08958225476741777,7365.340249269127,0.2802713152734441,-0.24999999992326855,7.673145452358199e-11,OK
2026-06-05,2026-09-18,2609,QUADRATIC,90PUT,-0.1,-0.19177295231819147,6649.851671838943,0.29817665633686274,-0.09999999997968304,2.0316970328337902e-11,OK
2026-06-05,2026-09-18,2609,QUADRATIC,ATM,,0.0,8055.6,0.2749074441401177,,,OK
2026-06-05,2026-12-18,2612,QUADRATIC,10CALL,0.1,0.2974635844230653,10543.966495773228,0.29321975601639555,0.10000000000378839,3.788386271352806e-12,OK
2026-06-05,2026-12-18,2612,QUADRATIC,25CALL,0.25,0.15962751257419588,9186.34119678468,0.28232137421049125,0.250000000013941,1.394101500906686e-11,OK
2026-06-05,2026-12-18,2612,QUADRATIC,75PUT,-0.25,-0.11547796940803516,6976.952705893672,0.2783433194099711,-0.2499999999892548,1.074521027710773e-11,OK
2026-06-05,2026-12-18,2612,QUADRATIC,90PUT,-0.1,-0.24459921646118166,6131.816277595982,0.2846423696175265,-0.09999999993184011,6.815989439523662e-11,OK
2026-06-05,2026-12-18,2612,QUADRATIC,ATM,,0.0,7831.0,0.2771290992103956,,,OK
2026-06-05,2027-03-19,2703,QUADRATIC,10CALL,0.1,0.3332664999961853,10912.232236770675,0.2695455357600826,0.09999999996181323,3.8186773188009226e-11,OK
2026-06-05,2027-03-19,2703,QUADRATIC,25CALL,0.25,0.17976387119293208,9359.405324525787,0.25978282085707466,0.24999999995521852,4.478148407649485e-11,OK
2026-06-05,2027-03-19,2703,QUADRATIC,75PUT,-0.25,-0.13874259734153732,6806.48127031957,0.29208281386679563,-0.25000000008540824,8.54082360390862e-11,OK
2026-06-05,2027-03-19,2703,QUADRATIC,90PUT,-0.1,-0.3496207013130187,5512.38391617336,0.35249501080159606,-0.10000000003632593,3.6325928376435e-11,OK
2026-06-05,2027-03-19,2703,QUADRATIC,ATM,,0.0,7819.478650288575,0.26929368405439746,,,OK
2026-06-08,2026-06-22,2606,QUADRATIC,10CALL,0.1,0.07825530755519867,8729.915527810106,0.3047691894006541,0.10000000000019903,1.9902135495186712e-13,OK
2026-06-08,2026-06-22,2606,QUADRATIC,25CALL,0.25,0.04008751270174979,8402.992554305416,0.2913427060935127,0.2500000000319399,3.1939895173138666e-11,OK
2026-06-08,2026-06-22,2606,QUADRATIC,75PUT,-0.25,-0.03673232728242878,7781.647361394721,0.2905194310316035,-0.24999999995476155,4.523845187343056e-11,OK
2026-06-08,2026-06-22,2606,QUADRATIC,90PUT,-0.1,-0.0742289856672288,7495.264345414775,0.3028314833159748,-0.09999999994090195,5.909805977921678e-11,OK
2026-06-08,2026-06-22,2606,QUADRATIC,ATM,,0.0,8072.8,0.28654556938537556,,,OK
2026-06-08,2026-07-17,2607,QUADRATIC,10CALL,0.1,0.12798913061618805,9093.007117456595,0.2946648259315768,0.10000000006011556,6.011555142571012e-11,OK
2026-06-08,2026-07-17,2607,QUADRATIC,25CALL,0.25,0.06705407810211182,8555.46805364897,0.284986125491093,0.2499999999899795,1.002051219778366e-11,OK
2026-06-08,2026-07-17,2607,QUADRATIC,75PUT,-0.25,-0.062202810525894214,7518.102119188115,0.30528395751768683,-0.2499999999639181,3.6081887477834584e-11,OK
2026-06-08,2026-07-17,2607,QUADRATIC,90PUT,-0.1,-0.13708015441894522,6975.725833532468,0.34242771436493635,-0.09999999999615185,3.848157903441063e-12,OK
2026-06-08,2026-07-17,2607,QUADRATIC,ATM,,0.0,8000.6,0.2885888249046604,,,OK
2026-06-08,2026-08-21,2608,QUADRATIC,10CALL,0.1,0.17478738212585446,9465.835148150614,0.28865666697334463,0.09999999995554001,4.445999124413902e-11,OK
2026-06-08,2026-08-21,2608,QUADRATIC,25CALL,0.25,0.0908465483188629,8703.699649792916,0.2748867368125366,0.24999999993795732,6.204267655185447e-11,OK
2026-06-08,2026-08-21,2608,QUADRATIC,75PUT,-0.25,-0.08396437168121322,7307.7633989654805,0.30955468161507393,-0.2500000000326172,3.261718672931124e-11,OK
2026-06-08,2026-08-21,2608,QUADRATIC,90PUT,-0.1,-0.2069516584873199,6462.071781346424,0.3852359161440357,-0.10000000004624254,4.6242537576901555e-11,OK
2026-06-08,2026-08-21,2608,QUADRATIC,ATM,,0.0,7947.851448203917,0.2822209388878726,,,OK
2026-06-08,2026-09-18,2609,QUADRATIC,10CALL,0.1,0.21362792062759398,9711.151214722568,0.2976184806690644,0.10000000001413879,1.4138787363116023e-11,OK
2026-06-08,2026-09-18,2609,QUADRATIC,25CALL,0.25,0.11170874679088591,8770.165357790496,0.2832452613291391,0.25000000004498757,4.498756922544089e-11,OK
2026-06-08,2026-09-18,2609,QUADRATIC,75PUT,-0.25,-0.08954006564617142,7171.44270678084,0.28415682496530087,-0.2499999999918614,8.138600904317173e-12,OK
2026-06-08,2026-09-18,2609,QUADRATIC,90PUT,-0.1,-0.1897634603977203,6487.540258059174,0.29911722816326747,-0.1000000000652235,6.522349327298116e-11,OK
2026-06-08,2026-09-18,2609,QUADRATIC,ATM,,0.0,7843.2,0.27894895347751353,,,OK
2026-06-08,2026-12-18,2612,QUADRATIC,10CALL,0.1,0.2924368846416473,10221.820805739339,0.2908371289713315,0.09999999994379366,5.6206345133702484e-11,OK
2026-06-08,2026-12-18,2612,QUADRATIC,25CALL,0.25,0.15705981409549713,8927.600514443766,0.2804335758095866,0.2500000000196559,1.9655888028324853e-11,OK
2026-06-08,2026-12-18,2612,QUADRATIC,75PUT,-0.25,-0.11343174612522113,6811.797934354242,0.2744074181435705,-0.249999999961123,3.8877012720206494e-11,OK
2026-06-08,2026-12-18,2612,QUADRATIC,90PUT,-0.1,-0.23791163420677186,6014.517987216764,0.278244693473045,-0.09999999996664097,3.335903775436577e-11,OK
2026-06-08,2026-12-18,2612,QUADRATIC,ATM,,0.0,7630.0,0.2745391592607995,,,OK
2026-06-08,2027-03-19,2703,QUADRATIC,10CALL,0.1,0.3540465173721314,10801.754098437508,0.28644391878288666,0.09999999993917193,6.082807868512674e-11,OK
2026-06-08,2027-03-19,2703,QUADRATIC,25CALL,0.25,0.18120389437675477,9087.191680977345,0.2629440191838017,0.2499999999253303,7.466968710012623e-11,OK
2026-06-08,2027-03-19,2703,QUADRATIC,75PUT,-0.25,-0.13753538560867298,6606.979792095101,0.290195159884526,-0.24999999999992592,7.407963131811357e-14,OK
2026-06-08,2027-03-19,2703,QUADRATIC,90PUT,-0.1,-0.3558380727767943,5311.232658097147,0.36167495526961907,-0.10000000004124321,4.1243203297014475e-11,OK
2026-06-08,2027-03-19,2703,QUADRATIC,ATM,,0.0,7581.128142860423,0.2672089948277916,,,OK
2026-06-09,2026-06-22,2606,QUADRATIC,10CALL,0.1,0.06945225220918655,8825.553357987174,0.2813971454202403,0.10000000003698283,3.698281958453009e-11,OK
2026-06-09,2026-06-22,2606,QUADRATIC,25CALL,0.25,0.03605515778064728,8535.67304229557,0.27299204866141846,0.2500000000715723,7.157230363930012e-11,OK
2026-06-09,2026-06-22,2606,QUADRATIC,75PUT,-0.25,-0.03385763576626781,7959.302865681905,0.2768821863334057,-0.250000000059398,5.939798652931927e-11,OK
2026-06-09,2026-06-22,2606,QUADRATIC,90PUT,-0.1,-0.06853184080123906,7688.050276838309,0.28959915657041174,-0.09999999991803932,8.196068823629332e-11,OK
2026-06-09,2026-06-22,2606,QUADRATIC,ATM,,0.0,8233.4,0.2713669333465301,,,OK
2026-06-09,2026-07-17,2607,QUADRATIC,10CALL,0.1,0.11392939138412475,9137.743449684205,0.26674858023699016,0.09999999990539736,9.46026451620341e-11,OK
2026-06-09,2026-07-17,2607,QUADRATIC,25CALL,0.25,0.0599655921459198,8657.704935048489,0.2598597498209539,0.25000000002413314,2.4133139930881953e-11,OK
2026-06-09,2026-07-17,2607,QUADRATIC,75PUT,-0.25,-0.05730739504098896,7699.663920479835,0.28299504260834674,-0.24999999996141867,3.85813325731732e-11,OK
2026-06-09,2026-07-17,2607,QUADRATIC,90PUT,-0.1,-0.1276186368465423,7176.884960521106,0.321893431695043,-0.0999999999805846,1.9415399843403236e-11,OK
2026-06-09,2026-07-17,2607,QUADRATIC,ATM,,0.0,8153.8,0.26516865164714865,,,OK
2026-06-09,2026-08-21,2608,QUADRATIC,10CALL,0.1,0.15320783162117005,9538.079645405054,0.25620756154591,0.10000000001155628,1.1556269829959831e-11,OK
2026-06-09,2026-08-21,2608,QUADRATIC,25CALL,0.25,0.08097947192192077,8873.451226719299,0.24881096544076975,0.2499999999378148,6.218520143264072e-11,OK
2026-06-09,2026-08-21,2608,QUADRATIC,75PUT,-0.25,-0.08189605140686021,7539.744436927062,0.3029990485007293,-0.24999999997446368,2.5536323056130072e-11,OK
2026-06-09,2026-08-21,2608,QUADRATIC,90PUT,-0.1,-0.232998532295227,6482.367549743912,0.4410718165231933,-0.10000000007236169,7.236168608759641e-11,OK
2026-06-09,2026-08-21,2608,QUADRATIC,ATM,,0.0,8183.208726445433,0.2634790143822669,,,OK
2026-06-09,2026-09-18,2609,QUADRATIC,10CALL,0.1,0.20575694990158083,9819.037551446048,0.28864730666367083,0.09999999994879619,5.120381896261961e-11,OK
2026-06-09,2026-09-18,2609,QUADRATIC,25CALL,0.25,0.10871610343456267,8910.962515492738,0.2776874543498001,0.24999999994072397,5.92760285300642e-11,OK
2026-06-09,2026-09-18,2609,QUADRATIC,75PUT,-0.25,-0.08830265194177615,7317.461708487631,0.2810376509513059,-0.2500000000207298,2.0729806760044767e-11,OK
2026-06-09,2026-09-18,2609,QUADRATIC,90PUT,-0.1,-0.18680426955223084,6631.041554650533,0.2955760006483635,-0.10000000006124952,6.124951934527445e-11,OK
2026-06-09,2026-09-18,2609,QUADRATIC,ATM,,0.0,7993.0,0.2752939035824892,,,OK
2026-06-09,2026-12-18,2612,QUADRATIC,10CALL,0.1,0.2827917737960816,10302.029942471567,0.28263543902129734,0.0999999999941016,5.8984067630163395e-12,OK
2026-06-09,2026-12-18,2612,QUADRATIC,25CALL,0.25,0.15389837408065793,9056.181451769826,0.27614430640342524,0.24999999994739647,5.2603532640915773e-11,OK
2026-06-09,2026-12-18,2612,QUADRATIC,75PUT,-0.25,-0.11210063123702993,6941.0187144904885,0.2711984507658286,-0.25000000009240037,9.240036513702421e-11,OK
2026-06-09,2026-12-18,2612,QUADRATIC,90PUT,-0.1,-0.23303105401992796,6150.406208469612,0.27271405618822553,-0.10000000007537431,7.537430402049239e-11,OK
2026-06-09,2026-12-18,2612,QUADRATIC,ATM,,0.0,7764.4,0.27189495649726053,,,OK
2026-06-09,2027-03-19,2703,QUADRATIC,10CALL,0.1,0.3177247862815856,10724.914694252999,0.25972840842789535,0.0999999999540587,4.5941306314745134e-11,OK
2026-06-09,2027-03-19,2703,QUADRATIC,25CALL,0.25,0.17053932476043704,9257.037280424785,0.249809547353217,0.25000000004548584,4.5485837318892663e-11,OK
2026-06-09,2027-03-19,2703,QUADRATIC,75PUT,-0.25,-0.13992695903778068,6786.380699749406,0.29736726875840713,-0.250000000011624,1.1623979556674158e-11,OK
2026-06-09,2027-03-19,2703,QUADRATIC,90PUT,-0.1,-0.38935415172576904,5288.26689373382,0.40288252563776505,-0.09999999990625383,9.374617748747482e-11,OK
2026-06-09,2027-03-19,2703,QUADRATIC,ATM,,0.0,7805.625756754176,0.26443189491943,,,OK
2026-06-10,2026-06-22,2606,QUADRATIC,10CALL,0.1,0.0692541818022728,8747.499799017934,0.29206360086774097,0.10000000007221098,7.221097331200355e-11,OK
2026-06-10,2026-06-22,2606,QUADRATIC,25CALL,0.25,0.03586261734366418,8460.229981517323,0.28266278222797053,0.24999999996299016,3.7009839637391906e-11,OK
2026-06-10,2026-06-22,2606,QUADRATIC,75PUT,-0.25,-0.033607023686170606,7892.450872065755,0.285951195014848,-0.24999999997224204,2.7757962595131858e-11,OK
2026-06-10,2026-06-22,2606,QUADRATIC,90PUT,-0.1,-0.06799309718608862,7625.673475855208,0.29899673251088565,-0.09999999993899326,6.100674132536454e-11,OK
2026-06-10,2026-06-22,2606,QUADRATIC,ATM,,0.0,8162.2,0.2805069838665098,,,OK
2026-06-10,2026-07-17,2607,QUADRATIC,10CALL,0.1,0.11379372847080232,9054.033537517242,0.27001285621043714,0.10000000002307852,2.30785113242149e-11,OK
2026-06-10,2026-07-17,2607,QUADRATIC,25CALL,0.25,0.060609317123889915,8585.081106967722,0.266005579121765,0.2499999999805584,1.9441587228996582e-11,OK
2026-06-10,2026-07-17,2607,QUADRATIC,75PUT,-0.25,-0.0581684051752091,7623.596344090949,0.2914304381399535,-0.2500000000771001,7.710010407890877e-11,OK
2026-06-10,2026-07-17,2607,QUADRATIC,90PUT,-0.1,-0.1286524680852889,7104.754136209097,0.32896808045739867,-0.10000000000056969,5.696831895107834e-13,OK
2026-06-10,2026-07-17,2607,QUADRATIC,ATM,,0.0,8080.2,0.2730459884098997,,,OK
2026-06-10,2026-08-21,2608,QUADRATIC,10CALL,0.1,0.15718390011787417,9440.093604840013,0.2643897357417222,0.09999999996117323,3.8826775128342206e-11,OK
2026-06-10,2026-08-21,2608,QUADRATIC,25CALL,0.25,0.08327599447965624,8767.555123241236,0.2571103308313713,0.250000000063038,6.303801924900654e-11,OK
2026-06-10,2026-08-21,2608,QUADRATIC,75PUT,-0.25,-0.08204646360874161,7431.558036836288,0.30570875797149655,-0.24999999990259042,9.740958040183045e-11,OK
2026-06-10,2026-08-21,2608,QUADRATIC,90PUT,-0.1,-0.21775882387161252,6488.446747091257,0.41262366120312827,-0.09999999990413651,9.586349769552527e-11,OK
2026-06-10,2026-08-21,2608,QUADRATIC,ATM,,0.0,8067.002660517105,0.2703816315688201,,,OK
2026-06-10,2026-09-18,2609,QUADRATIC,10CALL,0.1,0.20743455648422246,9742.00455233214,0.29232095103735767,0.09999999992884459,7.115541489355337e-11,OK
2026-06-10,2026-09-18,2609,QUADRATIC,25CALL,0.25,0.10982415735721589,8836.019598169372,0.2816493217079595,0.25000000006941275,6.941275332295049e-11,OK
2026-06-10,2026-09-18,2609,QUADRATIC,75PUT,-0.25,-0.08903642207384097,7242.568611816223,0.28510370441337785,-0.25000000000250705,2.5070501230572972e-12,OK
2026-06-10,2026-09-18,2609,QUADRATIC,90PUT,-0.1,-0.18822496509552,6558.667000035786,0.2994607505525203,-0.1000000000639418,6.394179630220265e-11,OK
2026-06-10,2026-09-18,2609,QUADRATIC,ATM,,0.0,7917.0,0.27937819275923853,,,OK
2026-06-10,2026-12-18,2612,QUADRATIC,10CALL,0.1,0.28361386442184455,10210.643037286927,0.28413652889261193,0.1000000000402606,4.026060040906998e-11,OK
2026-06-10,2026-12-18,2612,QUADRATIC,25CALL,0.25,0.15477944171428676,8976.375562175372,0.2782573587381463,0.24999999995308067,4.691932953271305e-11,OK
2026-06-10,2026-12-18,2612,QUADRATIC,75PUT,-0.25,-0.1132462431192397,6865.923161251355,0.2752553884851821,-0.25000000002469763,2.4697632827752614e-11,OK
2026-06-10,2026-12-18,2612,QUADRATIC,90PUT,-0.1,-0.23665054512023923,6068.832224344422,0.2780642899510702,-0.10000000009760927,9.76092678905971e-11,OK
2026-06-10,2026-12-18,2612,QUADRATIC,ATM,,0.0,7689.2,0.27500296289726417,,,OK
2026-06-10,2027-03-19,2703,QUADRATIC,10CALL,0.1,0.3284613962173462,10686.74061332199,0.2682888189776894,0.10000000008194336,8.194335487932136e-11,OK
2026-06-10,2027-03-19,2703,QUADRATIC,25CALL,0.25,0.1734269486665726,9151.971590643365,0.2539468950027693,0.24999999996485545,3.514455393371918e-11,OK
2026-06-10,2027-03-19,2703,QUADRATIC,75PUT,-0.25,-0.14123764276504508,6681.247616401519,0.30158032827190223,-0.24999999994237823,5.7621768467797096e-11,OK
2026-06-10,2027-03-19,2703,QUADRATIC,90PUT,-0.1,-0.40144248485565176,5150.531416083429,0.4186395919179553,-0.099999999930833,6.916700545644971e-11,OK
2026-06-10,2027-03-19,2703,QUADRATIC,ATM,,0.0,7694.781576723682,0.26748152161293626,,,OK
2026-06-11,2026-06-22,2606,QUADRATIC,10CALL,0.1,0.06465702527761462,8669.18727371345,0.28517209867319115,0.10000000001675409,1.6754084231074273e-11,OK
2026-06-11,2026-06-22,2606,QUADRATIC,25CALL,0.25,0.033399983525276185,8402.40525371728,0.2756164210799934,0.24999999998338007,1.661992765633613e-11,OK
2026-06-11,2026-06-22,2606,QUADRATIC,75PUT,-0.25,-0.031333120316267046,7875.722296913026,0.2776632500689386,-0.2500000000823644,8.236439308362264e-11,OK
2026-06-11,2026-06-22,2606,QUADRATIC,90PUT,-0.1,-0.0631208383440972,7629.308275905242,0.2894506679442057,-0.1000000000193232,1.9323195821208117e-11,OK
2026-06-11,2026-06-22,2606,QUADRATIC,ATM,,0.0,8126.4,0.2729947708346563,,,OK
2026-06-11,2026-07-17,2607,QUADRATIC,10CALL,0.1,0.11402494859695433,9021.158915642887,0.2742713323586059,0.09999999992674179,7.325821893555684e-11,OK
2026-06-11,2026-07-17,2607,QUADRATIC,25CALL,0.25,0.060131401956081396,8547.845492969314,0.26765488898905687,0.2499999999996951,3.048949981376836e-13,OK
2026-06-11,2026-07-17,2607,QUADRATIC,75PUT,-0.25,-0.05736863410472875,7600.235441877652,0.2910525017049824,-0.2500000000017532,1.753208689336816e-12,OK
2026-06-11,2026-07-17,2607,QUADRATIC,90PUT,-0.1,-0.1271794052124022,7087.75363671701,0.32951267165796005,-0.100000000048413,4.841299583446812e-11,OK
2026-06-11,2026-07-17,2607,QUADRATIC,ATM,,0.0,8049.0,0.2731499078654928,,,OK
2026-06-11,2026-08-21,2608,QUADRATIC,10CALL,0.1,0.15945795822143555,9418.386813575598,0.26992850442875976,0.1000000000786037,7.860369299894643e-11,OK
2026-06-11,2026-08-21,2608,QUADRATIC,25CALL,0.25,0.08464610517024995,8739.491171939566,0.2628499995030429,0.25000000008099993,8.099992898635833e-11,OK
2026-06-11,2026-08-21,2608,QUADRATIC,75PUT,-0.25,-0.08359011912345873,7386.217365312762,0.3143778146497828,-0.24999999995485195,4.514805196365046e-11,OK
2026-06-11,2026-08-21,2608,QUADRATIC,90PUT,-0.1,-0.2244051752090454,6416.037332988114,0.42929031016218017,-0.10000000006169174,6.169173505377046e-11,OK
2026-06-11,2026-08-21,2608,QUADRATIC,ATM,,0.0,8030.171334165508,0.27710468487063566,,,OK
2026-06-11,2026-09-18,2609,QUADRATIC,10CALL,0.1,0.21002827143669128,9729.8004592042,0.2972638571820447,0.09999999999885509,1.1449174941446927e-12,OK
2026-06-11,2026-09-18,2609,QUADRATIC,25CALL,0.25,0.11052703511714937,8808.279680088526,0.2847046319224536,0.2499999999948233,5.176692408070949e-12,OK
2026-06-11,2026-09-18,2609,QUADRATIC,75PUT,-0.25,-0.08892010331153856,7215.597579874475,0.2860945030806706,-0.24999999996872363,3.127637038247144e-11,OK
2026-06-11,2026-09-18,2609,QUADRATIC,90PUT,-0.1,-0.18759670662879935,6537.588784698388,0.29988866737587405,-0.10000000005727627,5.727626706253375e-11,OK
2026-06-11,2026-09-18,2609,QUADRATIC,ATM,,0.0,7886.6,0.28109615193118564,,,OK
2026-06-11,2026-12-18,2612,QUADRATIC,10CALL,0.1,0.2851906681060792,10188.717470900703,0.28635229085499037,0.10000000003899484,3.899483513869484e-11,OK
2026-06-11,2026-12-18,2612,QUADRATIC,25CALL,0.25,0.1560293334722519,8954.172664513362,0.28096871617357716,0.2499999999602883,3.97117061456953e-11,OK
2026-06-11,2026-12-18,2612,QUADRATIC,75PUT,-0.25,-0.11378364348411547,6836.7103036520375,0.2775490220045799,-0.2499999999799097,2.009029054228506e-11,OK
2026-06-11,2026-12-18,2612,QUADRATIC,90PUT,-0.1,-0.23721281409263612,6042.860518259787,0.2795134757110771,-0.10000000006132903,6.132902519162542e-11,OK
2026-06-11,2026-12-18,2612,QUADRATIC,ATM,,0.0,7660.6,0.2777004096369202,,,OK
2026-06-11,2027-03-19,2703,QUADRATIC,10CALL,0.1,0.33891420817375184,10749.728072820551,0.2766290633772908,0.09999999998998778,1.0012227158462395e-11,OK
2026-06-11,2027-03-19,2703,QUADRATIC,25CALL,0.25,0.1741744385957718,9116.998965415767,0.25534733300522366,0.25000000000937744,9.377443266345153e-12,OK
2026-06-11,2027-03-19,2703,QUADRATIC,75PUT,-0.25,-0.14189563417434684,6646.368507134433,0.30396909917706083,-0.25000000001849615,1.8496149056801414e-11,OK
2026-06-11,2027-03-19,2703,QUADRATIC,90PUT,-0.1,-0.4217045993804931,5024.176958354035,0.4451553526223352,-0.0999999999670412,3.2958802353988403e-11,OK
2026-06-11,2027-03-19,2703,QUADRATIC,ATM,,0.0,7659.649691513865,0.2675933767054158,,,OK
2026-06-12,2026-06-22,2606,QUADRATIC,10CALL,0.1,0.056913336455822,8676.837948536015,0.263854610708956,0.1000000000926883,9.268828760067294e-11,OK
2026-06-12,2026-06-22,2606,QUADRATIC,25CALL,0.25,0.02962925341725349,8443.29881937558,0.25738897626091894,0.25000000004575257,4.575256840055886e-11,OK
2026-06-12,2026-06-22,2606,QUADRATIC,75PUT,-0.25,-0.02825129327178004,7968.470290407315,0.26157240179218966,-0.25000000009366624,9.366624142970181e-11,OK
2026-06-12,2026-06-22,2606,QUADRATIC,90PUT,-0.1,-0.05679507446289068,7744.235496805754,0.272593229917589,-0.10000000002049363,2.0493620689343572e-11,OK
2026-06-12,2026-06-22,2606,QUADRATIC,ATM,,0.0,8196.8,0.25649092048479194,,,OK
2026-06-12,2026-07-17,2607,QUADRATIC,10CALL,0.1,0.11021740555763244,9069.27500719867,0.2691523271376705,0.10000000006278037,6.278036424056666e-11,OK
2026-06-12,2026-07-17,2607,QUADRATIC,25CALL,0.25,0.05784507673978806,8606.519513804566,0.26167244803827305,0.2500000000381871,3.818712013270442e-11,OK
2026-06-12,2026-07-17,2607,QUADRATIC,75PUT,-0.25,-0.05405581486225133,7695.371986578489,0.2768706077772405,-0.25000000004656625,4.6566250855306635e-11,OK
2026-06-12,2026-07-17,2607,QUADRATIC,90PUT,-0.1,-0.11596021258831013,7233.439937928126,0.3035282213576255,-0.09999999998962798,1.0372022685167792e-11,OK
2026-06-12,2026-07-17,2607,QUADRATIC,ATM,,0.0,8122.8,0.26422508723796173,,,OK
2026-06-12,2026-08-21,2608,QUADRATIC,10CALL,0.1,0.15987813055515293,9474.529021590342,0.27253093509257315,0.10000000002636143,2.636142693024368e-11,OK
2026-06-12,2026-08-21,2608,QUADRATIC,25CALL,0.25,0.0838849277496338,8781.20673409423,0.2625032775971856,0.2500000000898888,8.988881861071718e-11,OK
2026-06-12,2026-08-21,2608,QUADRATIC,75PUT,-0.25,-0.07706118559837348,7475.774501092283,0.2889684800811961,-0.2499999999182281,8.177189481095581e-11,OK
2026-06-12,2026-08-21,2608,QUADRATIC,90PUT,-0.1,-0.17917052268981926,6750.107218659865,0.33935882096999254,-0.10000000009201446,9.20144516136645e-11,OK
2026-06-12,2026-08-21,2608,QUADRATIC,ATM,,0.0,8074.645051677579,0.26821068582185437,,,OK
2026-06-12,2026-09-18,2609,QUADRATIC,10CALL,0.1,0.20720409488677982,9790.937372123213,0.29496853393318084,0.10000000005552298,5.5522975106470085e-11,OK
2026-06-12,2026-09-18,2609,QUADRATIC,25CALL,0.25,0.10947079384326935,8879.310422225555,0.283653103792687,0.2500000000113337,1.133371174688591e-11,OK
2026-06-12,2026-09-18,2609,QUADRATIC,75PUT,-0.25,-0.08806877398490891,7287.673293921886,0.2843920474889585,-0.2500000000805337,8.053369082716699e-11,OK
2026-06-12,2026-09-18,2609,QUADRATIC,90PUT,-0.1,-0.1845861046314239,6617.164800616611,0.29624128081787604,-0.09999999996757127,3.242874024866893e-11,OK
2026-06-12,2026-09-18,2609,QUADRATIC,ATM,,0.0,7958.6,0.28016017593980413,,,OK
2026-06-12,2026-12-18,2612,QUADRATIC,10CALL,0.1,0.2822621579170227,10257.58715432526,0.28435956411333474,0.10000000005508104,5.5081036953730234e-11,OK
2026-06-12,2026-12-18,2612,QUADRATIC,25CALL,0.25,0.15475751256942746,9029.644488363474,0.2796698270104635,0.249999999928792,7.120801170934499e-11,OK
2026-06-12,2026-12-18,2612,QUADRATIC,75PUT,-0.25,-0.11332039308547961,6906.307268392338,0.2768892827933662,-0.2500000000658299,6.582989708903142e-11,OK
2026-06-12,2026-12-18,2612,QUADRATIC,90PUT,-0.1,-0.23610863709449764,6108.289889957856,0.2788197287359305,-0.10000000008342844,8.34284308304234e-11,OK
2026-06-12,2026-12-18,2612,QUADRATIC,ATM,,0.0,7735.0,0.27689389121185476,,,OK
2026-06-12,2027-03-19,2703,QUADRATIC,10CALL,0.1,0.32947177672386174,10707.678216577702,0.2700003121875353,0.10000000002273383,2.2733828708432213e-11,OK
2026-06-12,2027-03-19,2703,QUADRATIC,25CALL,0.25,0.1781902391910553,9204.380729046767,0.26093540667497545,0.2499999999829661,1.7033902066643236e-11,OK
2026-06-12,2027-03-19,2703,QUADRATIC,75PUT,-0.25,-0.13729162752628316,6714.018608879846,0.29148871169543444,-0.2500000000263539,2.6353919047039653e-11,OK
2026-06-12,2027-03-19,2703,QUADRATIC,90PUT,-0.1,-0.34112576484680157,5475.937713376051,0.3467815811426279,-0.10000000007678411,7.678410685052484e-11,OK
2026-06-12,2027-03-19,2703,QUADRATIC,ATM,,0.0,7702.071338879278,0.2699760097455096,,,OK
2026-06-15,2026-06-22,2606,QUADRATIC,10CALL,0.1,0.053461988985538486,8940.631647690874,0.2965229757348499,0.09999999994678252,5.3217485973533485e-11,OK
2026-06-15,2026-06-22,2606,QUADRATIC,25CALL,0.25,0.02830702990293503,8718.535544835911,0.29426098971477527,0.2500000000141898,1.4189815988885357e-11,OK
2026-06-15,2026-06-22,2606,QUADRATIC,75PUT,-0.25,-0.027733663260936757,8243.38110921018,0.30667073204449374,-0.25000000009196544,9.19654352671273e-11,OK
2026-06-15,2026-06-22,2606,QUADRATIC,90PUT,-0.1,-0.05617716795206075,8012.213651261177,0.32218427527198146,-0.09999999990125366,9.874634443463037e-11,OK
2026-06-15,2026-06-22,2606,QUADRATIC,ATM,,0.0,8475.2,0.2975188575770898,,,OK
2026-06-15,2026-07-17,2607,QUADRATIC,10CALL,0.1,0.10620863199234007,9345.033426609327,0.27153620423770464,0.09999999996126804,3.873196208203922e-11,OK
2026-06-15,2026-07-17,2607,QUADRATIC,25CALL,0.25,0.056341889619827265,8890.455410395747,0.26689064801840207,0.2499999999645581,3.544189941528941e-11,OK
2026-06-15,2026-07-17,2607,QUADRATIC,75PUT,-0.25,-0.052516288638114965,7973.4725234941,0.280683376726096,-0.2499999999860037,1.3996304115693192e-11,OK
2026-06-15,2026-07-17,2607,QUADRATIC,90PUT,-0.1,-0.1102997245788573,7525.796568270777,0.3013428492842204,-0.10000000003051301,3.05130087863148e-11,OK
2026-06-15,2026-07-17,2607,QUADRATIC,ATM,,0.0,8403.4,0.2699307990273561,,,OK
2026-06-15,2026-08-21,2608,QUADRATIC,10CALL,0.1,0.18254260301589964,9710.979643193617,0.31613913227286106,0.10000000008997752,8.997751155259692e-11,OK
2026-06-15,2026-08-21,2608,QUADRATIC,25CALL,0.25,0.10250023841857911,8963.984284431079,0.32266765504519895,0.25000000006839623,6.83962331216037e-11,OK
2026-06-15,2026-08-21,2608,QUADRATIC,75PUT,-0.25,-0.06766338300704963,7561.360855432766,0.25574050639627194,-0.24999999993299818,6.700182075825012e-11,OK
2026-06-15,2026-08-21,2608,QUADRATIC,90PUT,-0.1,-0.1149836074709891,7211.889307607625,0.21759661679405015,-0.10000000005040095,5.040094730457412e-11,OK
2026-06-15,2026-08-21,2608,QUADRATIC,ATM,,0.0,8090.694420884009,0.2955163597258481,,,OK
2026-06-15,2026-09-18,2609,QUADRATIC,10CALL,0.1,0.20298277640342716,10100.058510882067,0.29379154747116376,0.10000000006066233,6.06623223875502e-11,OK
2026-06-15,2026-09-18,2609,QUADRATIC,25CALL,0.25,0.1063728013038635,9169.944573194995,0.2806254424340262,0.24999999994739333,5.260666902096034e-11,OK
2026-06-15,2026-09-18,2609,QUADRATIC,75PUT,-0.25,-0.08690924417972551,7558.321913235655,0.2844663190551808,-0.2500000000093536,9.353573471315713e-12,OK
2026-06-15,2026-09-18,2609,QUADRATIC,90PUT,-0.1,-0.1851498756408691,6851.095489369189,0.30184539402545374,-0.10000000006167412,6.167411026325453e-11,OK
2026-06-15,2026-09-18,2609,QUADRATIC,ATM,,0.0,8244.6,0.2777594875372326,,,OK
2026-06-15,2026-12-18,2612,QUADRATIC,10CALL,0.1,0.27712503218650814,10571.274131446371,0.281767845511011,0.10000000000251037,2.510366914343365e-12,OK
2026-06-15,2026-12-18,2612,QUADRATIC,25CALL,0.25,0.15113340950012205,9319.870298849886,0.2760331128117017,0.24999999994279132,5.720868223590969e-11,OK
2026-06-15,2026-12-18,2612,QUADRATIC,75PUT,-0.25,-0.11297561287879931,7156.633506806184,0.27802698618958455,-0.25000000005841844,5.841843675469249e-11,OK
2026-06-15,2026-12-18,2612,QUADRATIC,90PUT,-0.1,-0.23969984459877008,6304.826543339877,0.28572108622105746,-0.09999999991991691,8.008309293483507e-11,OK
2026-06-15,2026-12-18,2612,QUADRATIC,ATM,,0.0,8012.6,0.2748514192571643,,,OK
2026-06-15,2027-03-19,2703,QUADRATIC,10CALL,0.1,0.3763747942447662,10020.023614676076,0.3067073439597171,0.1000000000518635,5.186349960606407e-11,OK
2026-06-15,2027-03-19,2703,QUADRATIC,25CALL,0.25,0.302431953072548,9305.844198515419,0.41105972963448845,0.25000000000725614,7.256140133193867e-12,OK
2026-06-15,2027-03-19,2703,QUADRATIC,75PUT,-0.25,-0.08241989609599099,6333.105790691019,0.15863203369145235,-0.24999999996574582,3.425418282354542e-11,OK
2026-06-15,2027-03-19,2703,QUADRATIC,90PUT,-0.1,-0.10628315451741205,6183.766201978532,0.09903511808071162,-0.10000000004967094,4.9670934032519654e-11,OK
2026-06-15,2027-03-19,2703,QUADRATIC,ATM,,0.0,6877.1935753208345,0.3250015310591329,,,OK
2026-06-16,2026-06-22,2606,QUADRATIC,10CALL,0.1,0.046740166664123534,9014.022323107118,0.2805558992048203,0.10000000003551691,3.551690885839065e-11,OK
2026-06-16,2026-06-22,2606,QUADRATIC,25CALL,0.25,0.025280534267425537,8822.645500055136,0.28471308733760536,0.2500000000145091,1.4509116130767552e-11,OK
2026-06-16,2026-06-22,2606,QUADRATIC,75PUT,-0.25,-0.025843751609325432,8382.92989183179,0.30795035432085155,-0.24999999996880568,3.119432490095164e-11,OK
2026-06-16,2026-06-22,2606,QUADRATIC,90PUT,-0.1,-0.052991758227348376,8158.411458873077,0.32792498378606033,-0.100000000016541,1.6540990799285282e-11,OK
2026-06-16,2026-06-22,2606,QUADRATIC,ATM,,0.0,8602.4,0.2938561709871773,,,OK
2026-06-16,2026-07-17,2607,QUADRATIC,10CALL,0.1,0.10770025408267975,9493.07423537265,0.2796348593601873,0.10000000003723475,3.723474306660535e-11,OK
2026-06-16,2026-07-17,2607,QUADRATIC,25CALL,0.25,0.05670462042093277,9021.105352766948,0.2728029951542394,0.2500000000081664,8.166411991084033e-12,OK
2026-06-16,2026-07-17,2607,QUADRATIC,75PUT,-0.25,-0.0527495088577271,8085.826724714404,0.28651491770721477,-0.24999999997247707,2.7522928380818712e-11,OK
2026-06-16,2026-07-17,2607,QUADRATIC,90PUT,-0.1,-0.11159431350231158,7623.746665886559,0.3098882414582815,-0.10000000002903754,2.9037536264375774e-11,OK
2026-06-16,2026-07-17,2607,QUADRATIC,ATM,,0.0,8523.8,0.2750737896475041,,,OK
2026-06-16,2026-08-21,2608,QUADRATIC,10CALL,0.1,0.19960733282566073,10030.978145191859,0.34675183535056603,0.10000000001357277,1.3572767909586503e-11,OK
2026-06-16,2026-08-21,2608,QUADRATIC,25CALL,0.25,0.10161010593175888,9094.60055917504,0.32250576590311936,0.250000000018904,1.8903989484897465e-11,OK
2026-06-16,2026-08-21,2608,QUADRATIC,75PUT,-0.25,-0.06958625328540805,7663.620583088863,0.26571520705916774,-0.2499999999223137,7.768630183591085e-11,OK
2026-06-16,2026-08-21,2608,QUADRATIC,90PUT,-0.1,-0.12675640499591814,7237.778927417565,0.2426612142891008,-0.0999999999617632,3.82368026130564e-11,OK
2026-06-16,2026-08-21,2608,QUADRATIC,ATM,,0.0,8215.895770187095,0.29101342921701884,,,OK
2026-06-16,2026-09-18,2609,QUADRATIC,10CALL,0.1,0.21006876254081724,10300.686399596105,0.3050980869968091,0.09999999990443847,9.556153091061503e-11,OK
2026-06-16,2026-09-18,2609,QUADRATIC,25CALL,0.25,0.10894867539405821,9310.012618009318,0.28832192038176746,0.24999999998795477,1.2045225927792558e-11,OK
2026-06-16,2026-09-18,2609,QUADRATIC,75PUT,-0.25,-0.08805355834960923,7645.278080321336,0.2902509163038645,-0.24999999996975478,3.024522299277521e-11,OK
2026-06-16,2026-09-18,2609,QUADRATIC,90PUT,-0.1,-0.18818785309791558,6916.804725439835,0.30876634122998153,-0.10000000009033413,9.033412906589433e-11,OK
2026-06-16,2026-09-18,2609,QUADRATIC,ATM,,0.0,8349.0,0.2837350001595823,,,OK
2026-06-16,2026-12-18,2612,QUADRATIC,10CALL,0.1,0.28587163257598885,10793.507969858329,0.29081770072476565,0.0999999999036654,9.633460695823715e-11,OK
2026-06-16,2026-12-18,2612,QUADRATIC,25CALL,0.25,0.15471952784061432,9466.816981982245,0.282573582891014,0.2499999999388467,6.115330464240287e-11,OK
2026-06-16,2026-12-18,2612,QUADRATIC,75PUT,-0.25,-0.11324957776069629,7241.465689067222,0.27957735275934464,-0.25000000003100387,3.1003866141077197e-11,OK
2026-06-16,2026-12-18,2612,QUADRATIC,90PUT,-0.1,-0.23821018719673157,6390.822773929723,0.28453766864546687,-0.10000000003890208,3.890207600498741e-11,OK
2026-06-16,2026-12-18,2612,QUADRATIC,ATM,,0.0,8109.8,0.2785748976956531,,,OK
2026-06-16,2027-03-19,2703,QUADRATIC,10CALL,0.1,0.36859413671493535,10096.219197588705,0.301446644757589,0.1000000000722462,7.224619513745978e-11,OK
2026-06-16,2027-03-19,2703,QUADRATIC,25CALL,0.25,0.2989502799510956,9417.005589947037,0.40787267711267683,0.24999999996211933,3.788067082233226e-11,OK
2026-06-16,2027-03-19,2703,QUADRATIC,75PUT,-0.25,-0.0928905164301394,6364.122529006723,0.18218891497099327,-0.25000000000274153,2.7415292258581303e-12,OK
2026-06-16,2027-03-19,2703,QUADRATIC,90PUT,-0.1,-0.12062536853551854,6190.039770545438,0.1131573845248259,-0.10000000006839437,6.839435962024965e-11,OK
2026-06-16,2027-03-19,2703,QUADRATIC,ATM,,0.0,6983.616321040431,0.3623035420478031,,,OK
2026-06-17,2026-06-22,2606,QUADRATIC,10CALL,0.1,0.04072880885004998,9056.447696196054,0.2682738181833909,0.09999999998133115,1.8668858126069665e-11,OK
2026-06-17,2026-06-22,2606,QUADRATIC,25CALL,0.25,0.022259080260992048,8890.712815809153,0.2754469985421001,0.25000000019004115,1.9004114948373285e-10,OK
2026-06-17,2026-06-22,2606,QUADRATIC,75PUT,-0.25,-0.023357846319675468,8494.25711383545,0.3039718590330612,-0.2500000000801719,8.017192465459289e-11,OK
2026-06-17,2026-06-22,2606,QUADRATIC,90PUT,-0.1,-0.04815621590614323,8286.203740701987,0.3259345131579921,-0.09999999994688817,5.3111834374952593e-11,OK
2026-06-17,2026-06-22,2606,QUADRATIC,ATM,,0.0,8695.0,0.2874436537503436,,,OK
2026-06-17,2026-07-17,2607,QUADRATIC,10CALL,0.1,0.1102138069868088,9615.442371790394,0.29068357866907213,0.1000000000041458,4.1457948185552596e-12,OK
2026-06-17,2026-07-17,2607,QUADRATIC,25CALL,0.25,0.057231198310852056,9119.251951068018,0.279738568191326,0.2500000000788843,7.888428799063263e-11,OK
2026-06-17,2026-07-17,2607,QUADRATIC,75PUT,-0.25,-0.052296234011650136,8173.198663169699,0.2885571525170323,-0.24999999993187105,6.81289469284252e-11,OK
2026-06-17,2026-07-17,2607,QUADRATIC,90PUT,-0.1,-0.10996515250205981,7715.1924236413815,0.31023409175881894,-0.09999999992066576,7.93342475047254e-11,OK
2026-06-17,2026-07-17,2607,QUADRATIC,ATM,,0.0,8612.0,0.27905910035630865,,,OK
2026-06-17,2026-08-21,2608,QUADRATIC,10CALL,0.1,0.20274382162094118,10137.905474301577,0.35460596361119273,0.10000000003287778,3.2877769950978575e-11,OK
2026-06-17,2026-08-21,2608,QUADRATIC,25CALL,0.25,0.10562727296352385,9199.64473408678,0.33668759223100936,0.25000000008774315,8.774314608217537e-11,OK
2026-06-17,2026-08-21,2608,QUADRATIC,75PUT,-0.25,-0.07105338954925546,7709.737998306886,0.27396543059405043,-0.2500000000241004,2.410038835165551e-11,OK
2026-06-17,2026-08-21,2608,QUADRATIC,90PUT,-0.1,-0.12738965594768514,7287.408082332362,0.24579124446536293,-0.0999999999085491,9.145090240636478e-11,OK
2026-06-17,2026-08-21,2608,QUADRATIC,ATM,,0.0,8277.471890042321,0.30386322384843406,,,OK
2026-06-17,2026-09-18,2609,QUADRATIC,10CALL,0.1,0.2054688119888306,10371.310228639633,0.30036786561172424,0.09999999996573425,3.426575689857714e-11,OK
2026-06-17,2026-09-18,2609,QUADRATIC,25CALL,0.25,0.10824108797311782,9410.401670993459,0.2881413806569979,0.24999999997641512,2.3584884045746435e-11,OK
2026-06-17,2026-09-18,2609,QUADRATIC,75PUT,-0.25,-0.08951623892784105,7721.883502847605,0.29733192921506824,-0.24999999996789474,3.210526289265658e-11,OK
2026-06-17,2026-09-18,2609,QUADRATIC,90PUT,-0.1,-0.19395276618003843,6956.119557887414,0.3206116211904636,-0.09999999995080142,4.919858964669288e-11,OK
2026-06-17,2026-09-18,2609,QUADRATIC,ATM,,0.0,8445.0,0.2875147149137692,,,OK
2026-06-17,2026-12-18,2612,QUADRATIC,10CALL,0.1,0.2825920720100402,10879.150616722,0.2884879777962521,0.09999999992178828,7.821172876010252e-11,OK
2026-06-17,2026-12-18,2612,QUADRATIC,25CALL,0.25,0.15112965631484987,9538.972300749756,0.2775023241485623,0.24999999994940614,5.0593862432890546e-11,OK
2026-06-17,2026-12-18,2612,QUADRATIC,75PUT,-0.25,-0.11285624873638145,7325.781578282406,0.2791377958541233,-0.250000000012946,1.2945977623246563e-11,OK
2026-06-17,2026-12-18,2612,QUADRATIC,90PUT,-0.1,-0.24299394297599797,6431.84964219021,0.2915861020237598,-0.0999999999267072,7.329280238277391e-11,OK
2026-06-17,2026-12-18,2612,QUADRATIC,ATM,,0.0,8201.0,0.27456720244403426,,,OK
2026-06-17,2027-03-19,2703,QUADRATIC,10CALL,0.1,0.36304193484783176,10115.567998946219,0.29782363177690563,0.0999999999950768,4.92320073597341e-12,OK
2026-06-17,2027-03-19,2703,QUADRATIC,25CALL,0.25,0.29632695686817156,9462.72735275048,0.4056345289291455,0.25000000002603456,2.6034563394006227e-11,OK
2026-06-17,2027-03-19,2703,QUADRATIC,75PUT,-0.25,-0.07476644924283032,6529.087795205708,0.14269359757326613,-0.2499999999705426,2.94574087345012e-11,OK
2026-06-17,2027-03-19,2703,QUADRATIC,90PUT,-0.1,-0.09443325495719897,6401.9359279051405,0.08795489819277738,-0.0999999999900359,9.964098990344894e-12,OK
2026-06-17,2027-03-19,2703,QUADRATIC,ATM,,0.0,7035.9568092398695,0.3133038568649699,,,OK
2026-06-18,2026-06-22,2606,QUADRATIC,10CALL,0.1,0.034382520675659174,9072.638470697522,0.25367228608473996,0.10000000007103817,7.103816146436515e-11,OK
2026-06-18,2026-06-22,2606,QUADRATIC,25CALL,0.25,0.018905294984579088,8933.300263378169,0.26245190933265394,0.25000000015421153,1.5421153243266872e-10,OK
2026-06-18,2026-06-22,2606,QUADRATIC,75PUT,-0.25,-0.020191061735153212,8590.780044054056,0.29265944810845906,-0.25000000004232437,4.232436623397007e-11,OK
2026-06-18,2026-06-22,2606,QUADRATIC,90PUT,-0.1,-0.041591260403394746,8408.88883999809,0.3140664177479644,-0.10000000000695813,6.958128517808859e-12,OK
2026-06-18,2026-06-22,2606,QUADRATIC,ATM,,0.0,8766.0,0.27562239957262463,,,OK
2026-06-18,2026-07-17,2607,QUADRATIC,10CALL,0.1,0.09918392527103424,9583.95398310998,0.2668784240796754,0.10000000005330284,5.3302834368551544e-11,OK
2026-06-18,2026-07-17,2607,QUADRATIC,25CALL,0.25,0.05231522083282471,9145.130350577469,0.26126926322317284,0.24999999995414954,4.585046231575518e-11,OK
2026-06-18,2026-07-17,2607,QUADRATIC,75PUT,-0.25,-0.0493377867341042,8261.18903323657,0.27578435048760447,-0.2499999999352695,6.473049873889636e-11,OK
2026-06-18,2026-07-17,2607,QUADRATIC,90PUT,-0.1,-0.10435777902603136,7818.936404372864,0.2988742747595006,-0.10000000008749485,8.749484470271796e-11,OK
2026-06-18,2026-07-17,2607,QUADRATIC,ATM,,0.0,8679.0,0.264178011476029,,,OK
2026-06-18,2026-08-21,2608,QUADRATIC,10CALL,0.1,0.22460561275482177,10449.291944833696,0.3936838681512728,0.09999999993535164,6.464836999064971e-11,OK
2026-06-18,2026-08-21,2608,QUADRATIC,25CALL,0.25,0.10204813826084139,9244.018975491532,0.3287717011098669,0.24999999993127775,6.872225011278488e-11,OK
2026-06-18,2026-08-21,2608,QUADRATIC,75PUT,-0.25,-0.06885594129562386,7791.805975766404,0.2666899450154935,-0.25000000009895207,9.895206876109341e-11,OK
2026-06-18,2026-08-21,2608,QUADRATIC,90PUT,-0.1,-0.12978499245643604,7331.232265794382,0.25256620606518887,-0.10000000005711795,5.71179492592222e-11,OK
2026-06-18,2026-08-21,2608,QUADRATIC,ATM,,0.0,8347.220480708276,0.28771813616136566,,,OK
2026-06-18,2026-09-18,2609,QUADRATIC,10CALL,0.1,0.2077441890239716,10474.944124415055,0.30515629176471326,0.0999999999125921,8.7407900362102e-11,OK
2026-06-18,2026-09-18,2609,QUADRATIC,25CALL,0.25,0.10725994110107423,9473.532746119532,0.28729773047752427,0.2500000000128629,1.286287742985337e-11,OK
2026-06-18,2026-09-18,2609,QUADRATIC,75PUT,-0.25,-0.08751901674270615,7796.874325186189,0.29132358108187023,-0.24999999993379063,6.62093713188483e-11,OK
2026-06-18,2026-09-18,2609,QUADRATIC,90PUT,-0.1,-0.1890601735115051,7044.03929463968,0.3136395631015159,-0.10000000001576538,1.576537511649434e-11,OK
2026-06-18,2026-09-18,2609,QUADRATIC,ATM,,0.0,8510.0,0.2832071449096257,,,OK
2026-06-18,2026-12-18,2612,QUADRATIC,10CALL,0.1,0.2880579123497009,11030.811706828006,0.29447247585762715,0.10000000001924499,1.9244980609123274e-11,OK
2026-06-18,2026-12-18,2612,QUADRATIC,25CALL,0.25,0.1520511609315872,9628.097725142325,0.2797516605953002,0.2499999999644696,3.5530411945927654e-11,OK
2026-06-18,2026-12-18,2612,QUADRATIC,75PUT,-0.25,-0.1123454003334044,7391.192648182471,0.27834812612274146,-0.24999999995601138,4.398861830345879e-11,OK
2026-06-18,2026-12-18,2612,QUADRATIC,90PUT,-0.1,-0.2417720174789429,6493.894914137021,0.2907637031934515,-0.09999999996943834,3.0561664310368997e-11,OK
2026-06-18,2026-12-18,2612,QUADRATIC,ATM,,0.0,8270.0,0.2745533513589967,,,OK
2026-06-18,2027-03-19,2703,QUADRATIC,10CALL,0.1,0.3584880901575088,10154.457695257564,0.29493160713448874,0.09999999998280083,1.71991726416465e-11,OK
2026-06-18,2027-03-19,2703,QUADRATIC,25CALL,0.25,0.2957380565404891,9536.84537463638,0.4056930146016222,0.2499999999456793,5.432068683752789e-11,OK
2026-06-18,2027-03-19,2703,QUADRATIC,75PUT,-0.25,-0.07981390136480339,6550.954730141875,0.15379249143486154,-0.2499999999834854,1.651459524687482e-11,OK
2026-06-18,2027-03-19,2703,QUADRATIC,90PUT,-0.1,-0.10060053196549404,6416.1879799231565,0.0940641060082991,-0.09999999984106878,1.5893122928822834e-10,OK
2026-06-18,2027-03-19,2703,QUADRATIC,ATM,,0.0,7095.244001990276,0.3385070199225197,,,OK
2026-06-22,2026-07-17,2607,QUADRATIC,10CALL,0.1,0.09720312464237213,9594.965560838446,0.28183317616525344,0.10000000008372122,8.372121051980486e-11,OK
2026-06-22,2026-07-17,2607,QUADRATIC,25CALL,0.25,0.05090957653522492,9160.905175263053,0.27415079371143314,0.2500000000752896,7.52896078815013e-11,OK
2026-06-22,2026-07-17,2607,QUADRATIC,75PUT,-0.25,-0.04686727595329289,8307.578243135502,0.2811794451345689,-0.250000000091184,9.118400479124489e-11,OK
2026-06-22,2026-07-17,2607,QUADRATIC,90PUT,-0.1,-0.09649041354656207,7905.391554787739,0.2968214067564846,-0.10000000001450424,1.4504231149459201e-11,OK
2026-06-22,2026-07-17,2607,QUADRATIC,ATM,,0.0,8706.2,0.2738715699388786,,,OK
2026-06-22,2026-08-21,2608,QUADRATIC,10CALL,0.1,0.23438462591171266,10698.912812413875,0.4232214303909102,0.09999999992186778,7.813222291375155e-11,OK
2026-06-22,2026-08-21,2608,QUADRATIC,25CALL,0.25,0.09583466684818266,9314.684849744406,0.320493938420776,0.24999999991062982,8.937017792476354e-11,OK
2026-06-22,2026-08-21,2608,QUADRATIC,75PUT,-0.25,-0.06682828056812293,7916.341945092435,0.26648495525161137,-0.24999999991011912,8.988088051609111e-11,OK
2026-06-22,2026-08-21,2608,QUADRATIC,90PUT,-0.1,-0.131776307940483,7418.532016298901,0.2650135815405426,-0.10000000000071274,7.127354262337349e-13,OK
2026-06-22,2026-08-21,2608,QUADRATIC,ATM,,0.0,8463.455181065372,0.2799688164354774,,,OK
2026-06-22,2026-09-18,2609,QUADRATIC,10CALL,0.1,0.217606231212616,10596.411524066873,0.3259798033782498,0.10000000003441796,3.441795459746544e-11,OK
2026-06-22,2026-09-18,2609,QUADRATIC,25CALL,0.25,0.10862835472822188,9502.334752685354,0.2971204419399744,0.25000000001245687,1.245686886974795e-11,OK
2026-06-22,2026-09-18,2609,QUADRATIC,75PUT,-0.25,-0.08482745540142045,7830.933483406145,0.2874150554019617,-0.24999999990421592,9.578407511590115e-11,OK
2026-06-22,2026-09-18,2609,QUADRATIC,90PUT,-0.1,-0.1786462485790252,7129.655587385116,0.30183711493388893,-0.10000000005681473,5.6814719595621455e-11,OK
2026-06-22,2026-09-18,2609,QUADRATIC,ATM,,0.0,8524.2,0.2851306803282764,,,OK
2026-06-22,2026-12-18,2612,QUADRATIC,10CALL,0.1,0.29932344985008247,11170.620743312837,0.30852491322424747,0.10000000003534873,3.5348723947947747e-11,OK
2026-06-22,2026-12-18,2612,QUADRATIC,25CALL,0.25,0.1536168391704559,9656.0105195108,0.2853945389145437,0.2500000000726942,7.269418400568384e-11,OK
2026-06-22,2026-12-18,2612,QUADRATIC,75PUT,-0.25,-0.11030129182338701,7416.167707057891,0.2752030155840441,-0.24999999997227498,2.7725016726876106e-11,OK
2026-06-22,2026-12-18,2612,QUADRATIC,90PUT,-0.1,-0.2346943166255951,6548.718734283704,0.28456522801462886,-0.09999999997030191,2.9698091208452126e-11,OK
2026-06-22,2026-12-18,2612,QUADRATIC,ATM,,0.0,8281.0,0.2744932560155318,,,OK
2026-06-22,2027-03-19,2703,QUADRATIC,10CALL,0.1,0.3490759996175766,10199.407165041584,0.28992653189021256,0.09999999995261198,4.738802406034637e-11,OK
2026-06-22,2027-03-19,2703,QUADRATIC,25CALL,0.25,0.28409666574001324,9557.730119278707,0.39525259431617793,0.24999999999362757,6.372430361167858e-12,OK
2026-06-22,2027-03-19,2703,QUADRATIC,75PUT,-0.25,-0.08887305736541734,6582.275725904016,0.1749956402467741,-0.2500000000635794,6.3579419506965e-11,OK
2026-06-22,2027-03-19,2703,QUADRATIC,90PUT,-0.1,-0.11447991481423367,6415.864062637395,0.10833588040812558,-0.10000000001848922,1.8489210162897507e-11,OK
2026-06-22,2027-03-19,2703,QUADRATIC,ATM,,0.0,7194.044981602335,0.3549744524074339,,,OK
2026-06-23,2026-07-17,2607,QUADRATIC,10CALL,0.1,0.09346689426898955,9441.26101098992,0.27687369575959214,0.09999999991975551,8.024449160703995e-11,OK
2026-06-23,2026-07-17,2607,QUADRATIC,25CALL,0.25,0.05026048585772514,9042.024916396984,0.27639420987908736,0.24999999998877054,1.1229461804873608e-11,OK
2026-06-23,2026-07-17,2607,QUADRATIC,75PUT,-0.25,-0.04752575939893727,8199.694514450202,0.2912450042418395,-0.24999999995913375,4.086625482457862e-11,OK
2026-06-23,2026-07-17,2607,QUADRATIC,90PUT,-0.1,-0.09790535855293259,7796.830461999661,0.3075240986769077,-0.09999999996659224,3.340776266735901e-11,OK
2026-06-23,2026-07-17,2607,QUADRATIC,ATM,,0.0,8598.8,0.28126630689816096,,,OK
2026-06-23,2026-08-21,2608,QUADRATIC,10CALL,0.1,0.15278934657573703,9920.652156220527,0.2841751061160321,0.10000000005371618,5.371617040061949e-11,OK
2026-06-23,2026-08-21,2608,QUADRATIC,25CALL,0.25,0.0813711442947388,9236.845750767523,0.27784353504575005,0.25000000003855705,3.8557046444509524e-11,OK
2026-06-23,2026-08-21,2608,QUADRATIC,75PUT,-0.25,-0.07185518103837973,7924.618129705556,0.2910433250440609,-0.25000000001707373,1.7073731317651664e-11,OK
2026-06-23,2026-08-21,2608,QUADRATIC,90PUT,-0.1,-0.1531210439205169,7306.0901699009755,0.312872062845616,-0.1000000000392407,3.924069402749808e-11,OK
2026-06-23,2026-08-21,2608,QUADRATIC,ATM,,0.0,8515.0,0.28030368564337643,,,OK
2026-06-23,2026-09-18,2609,QUADRATIC,10CALL,0.1,0.20301174902915958,10294.404899236562,0.30700343057319507,0.0999999999954582,4.541811371439053e-12,OK
2026-06-23,2026-09-18,2609,QUADRATIC,25CALL,0.25,0.10594053304195404,9342.083666468301,0.2920638013853673,0.25000000004452466,4.4524661735323434e-11,OK
2026-06-23,2026-09-18,2609,QUADRATIC,75PUT,-0.25,-0.0862736809253691,7708.434384775338,0.29464220539106356,-0.2500000000483543,4.835432054761668e-11,OK
2026-06-23,2026-09-18,2609,QUADRATIC,90PUT,-0.1,-0.18340996587276456,6994.8825616221675,0.31220151989507183,-0.10000000000625066,6.250652773154286e-12,OK
2026-06-23,2026-09-18,2609,QUADRATIC,ATM,,0.0,8403.0,0.28819855223024854,,,OK
2026-06-23,2026-12-18,2612,QUADRATIC,10CALL,0.1,0.2859493367671967,10855.840059153079,0.29652303952272324,0.0999999999473597,5.264030877860648e-11,OK
2026-06-23,2026-12-18,2612,QUADRATIC,25CALL,0.25,0.1524988775253296,9499.628857744918,0.28433990370614637,0.25000000005322237,5.3222370954841836e-11,OK
2026-06-23,2026-12-18,2612,QUADRATIC,75PUT,-0.25,-0.11252939379215227,7287.965738918497,0.28269216193831453,-0.24999999998110833,1.8891666009324126e-11,OK
2026-06-23,2026-12-18,2612,QUADRATIC,90PUT,-0.1,-0.24013094043731692,6414.896810469723,0.2925953315441687,-0.10000000003045621,3.0456207000817415e-11,OK
2026-06-23,2026-12-18,2612,QUADRATIC,ATM,,0.0,8156.0,0.2797279556067968,,,OK
2026-06-23,2027-03-19,2703,QUADRATIC,10CALL,0.1,0.3641867946386337,10145.730902849822,0.3019683955934319,0.10000000009653191,9.653190746750084e-11,OK
2026-06-23,2027-03-19,2703,QUADRATIC,25CALL,0.25,0.2950742387771606,9468.215577384899,0.40862022009001003,0.250000000042917,4.2917003284514976e-11,OK
2026-06-23,2027-03-19,2703,QUADRATIC,75PUT,-0.25,-0.0775980024337769,6522.568364017242,0.15033988553593808,-0.2500000000535786,5.357858601229282e-11,OK
2026-06-23,2027-03-19,2703,QUADRATIC,90PUT,-0.1,-0.09885474753379808,6385.38301347201,0.093222467385355,-0.09999999996214567,3.785433078107303e-11,OK
2026-06-23,2027-03-19,2703,QUADRATIC,ATM,,0.0,7048.862255960557,0.32001925299121636,,,OK
2026-06-23,2027-06-18,2706,QUADRATIC,10CALL,0.1,0.656,12660.005641447084,0.4923109933746579,0.13426515026340094,0.034265150263400934,FALLBACK_NEAREST
2026-06-23,2027-06-18,2706,QUADRATIC,25CALL,0.25,0.36602762460708615,9473.28267893119,0.4223926415424635,0.24999999995962308,4.037692402647508e-11,OK
2026-06-23,2027-06-18,2706,QUADRATIC,75PUT,-0.25,-0.1874014511108398,5446.898756546879,0.9231511884193437,-0.24999999999950326,4.967415367929107e-13,OK
2026-06-23,2027-06-18,2706,QUADRATIC,90PUT,-0.1,-0.6220406093597409,3526.857518124046,1.8999333463752779,-0.10000000000796495,7.96494814547799e-12,OK
2026-06-23,2027-06-18,2706,QUADRATIC,ATM,,0.0,6569.566590288154,0.6603845281405681,,,OK
2026-06-24,2026-07-17,2607,QUADRATIC,10CALL,0.1,0.08672915780544284,9452.895471429529,0.2629344440607686,0.09999999991692814,8.307186882827722e-11,OK
2026-06-24,2026-07-17,2607,QUADRATIC,25CALL,0.25,0.046968724519014356,9084.418201907049,0.26466324725237383,0.24999999999576614,4.23386325998365e-12,OK
2026-06-24,2026-07-17,2607,QUADRATIC,75PUT,-0.25,-0.045286502838134804,8283.830092687482,0.28264861782918327,-0.24999999992061464,7.938535939722158e-11,OK
2026-06-24,2026-07-17,2607,QUADRATIC,90PUT,-0.1,-0.09359076464176162,7893.196384187231,0.29985590715719934,-0.10000000002122222,2.122221842704164e-11,OK
2026-06-24,2026-07-17,2607,QUADRATIC,ATM,,0.0,8667.6,0.27137938009774387,,,OK
2026-06-24,2026-08-21,2608,QUADRATIC,10CALL,0.1,0.14700943517684936,9924.870397705443,0.27619603691860506,0.10000000005119122,5.119121793129011e-11,OK
2026-06-24,2026-08-21,2608,QUADRATIC,25CALL,0.25,0.07842752230167391,9267.019950413545,0.2707792329604955,0.2500000000442516,4.425160238241688e-11,OK
2026-06-24,2026-08-21,2608,QUADRATIC,75PUT,-0.25,-0.06974170196056373,7990.813994000191,0.2840144206975615,-0.25000000009568646,9.568645875646098e-11,OK
2026-06-24,2026-08-21,2608,QUADRATIC,90PUT,-0.1,-0.14817408275604238,7388.023553368763,0.3048210813574289,-0.09999999991911608,8.08839245580728e-11,OK
2026-06-24,2026-08-21,2608,QUADRATIC,ATM,,0.0,8568.0,0.2735375451106603,,,OK
2026-06-24,2026-09-18,2609,QUADRATIC,10CALL,0.1,0.2006260256767273,10354.693003309989,0.3053376911038627,0.0999999999531277,4.6872311587620175e-11,OK
2026-06-24,2026-09-18,2609,QUADRATIC,25CALL,0.25,0.1038145233988762,9399.235394308462,0.28835784369906087,0.24999999999960484,3.9515613003970884e-13,OK
2026-06-24,2026-09-18,2609,QUADRATIC,75PUT,-0.25,-0.0847742674350737,7783.760328249999,0.2904959003845409,-0.24999999999065461,9.345385576509102e-12,OK
2026-06-24,2026-09-18,2609,QUADRATIC,90PUT,-0.1,-0.180944917678833,7070.059557580124,0.3095036244098788,-0.0999999999986127,1.38730693599598e-12,OK
2026-06-24,2026-09-18,2609,QUADRATIC,ATM,,0.0,8472.4,0.28377673150546706,,,OK
2026-06-24,2026-12-18,2612,QUADRATIC,10CALL,0.1,0.29634019947052,11056.918971559915,0.30738290708651383,0.09999999998656917,1.3430839773675984e-11,OK
2026-06-24,2026-12-18,2612,QUADRATIC,25CALL,0.25,0.15259643220901484,9576.504168298488,0.28529283815960255,0.2500000000507783,5.0778325988432016e-11,OK
2026-06-24,2026-12-18,2612,QUADRATIC,75PUT,-0.25,-0.11105403017997728,7357.072927982146,0.27899013394499905,-0.25000000005682577,5.6825766314716475e-11,OK
2026-06-24,2026-12-18,2612,QUADRATIC,90PUT,-0.1,-0.23899145030975344,6473.5505775779775,0.2918901535357372,-0.09999999994859984,5.1400161904524566e-11,OK
2026-06-24,2026-12-18,2612,QUADRATIC,ATM,,0.0,8221.2,0.2762468251904003,,,OK
2026-06-24,2027-03-19,2703,QUADRATIC,10CALL,0.1,0.35294064831733707,10171.259014103965,0.2939531208781918,0.09999999996107391,3.8926098455682734e-11,OK
2026-06-24,2027-03-19,2703,QUADRATIC,25CALL,0.25,0.2861085929870606,9513.710264310097,0.3990313127425448,0.250000000087184,8.718398225582291e-11,OK
2026-06-24,2027-03-19,2703,QUADRATIC,75PUT,-0.25,-0.08488607418537125,6564.91313908927,0.16666275172956402,-0.249999999952323,4.767700123586849e-11,OK
2026-06-24,2027-03-19,2703,QUADRATIC,90PUT,-0.1,-0.10910209569334972,6407.846501307905,0.10343597085437412,-0.09999999995437116,4.562884792225219e-11,OK
2026-06-24,2027-03-19,2703,QUADRATIC,ATM,,0.0,7146.518756568524,0.3417891745892723,,,OK
2026-06-24,2027-06-18,2706,QUADRATIC,10CALL,0.1,0.712,13574.689486083935,0.4855983109666254,0.1063443915522613,0.006344391552261297,FALLBACK_NEAREST
2026-06-24,2027-06-18,2706,QUADRATIC,25CALL,0.25,0.35837485432624816,9531.306921973493,0.41581480307705404,0.2500000000059196,5.919598144998872e-12,OK
2026-06-24,2027-06-18,2706,QUADRATIC,75PUT,-0.25,-0.2008136208057403,5448.788938153737,0.8642250696401138,-0.2499999999884897,1.1510292718952542e-11,OK
2026-06-24,2027-06-18,2706,QUADRATIC,90PUT,-0.1,-0.6812488965988158,3370.152835129096,1.7962418711599875,-0.10000000003758885,3.758884870030954e-11,OK
2026-06-24,2027-06-18,2706,QUADRATIC,ATM,,0.0,6660.58282247173,0.624413870357677,,,OK
2026-06-25,2026-07-17,2607,QUADRATIC,10CALL,0.1,0.08251271152496338,9476.327682504812,0.25607454769423554,0.09999999993119772,6.880228331507254e-11,OK
2026-06-25,2026-07-17,2607,QUADRATIC,25CALL,0.25,0.04442826360464096,9122.212907635881,0.2565876100365611,0.2500000000154505,1.5450474233347222e-11,OK
2026-06-25,2026-07-17,2607,QUADRATIC,75PUT,-0.25,-0.04323139870166782,8356.609275164197,0.27513870491433745,-0.25000000001757444,1.757444190175761e-11,OK
2026-06-25,2026-07-17,2607,QUADRATIC,90PUT,-0.1,-0.09016344118118272,7973.47743536588,0.29502491643100204,-0.09999999996652853,3.3471475591184685e-11,OK
2026-06-25,2026-07-17,2607,QUADRATIC,ATM,,0.0,8725.8,0.2629630606183984,,,OK
2026-06-25,2026-08-21,2608,QUADRATIC,10CALL,0.1,0.1414824177026749,9933.064900403471,0.268529411538945,0.10000000004082954,4.082953419803914e-11,OK
2026-06-25,2026-08-21,2608,QUADRATIC,25CALL,0.25,0.07559741854667665,9299.718044210575,0.2639367035163727,0.2500000000455568,4.555678057016621e-11,OK
2026-06-25,2026-08-21,2608,QUADRATIC,75PUT,-0.25,-0.06829592335224158,8053.370826320946,0.27995366928960586,-0.24999999996705494,3.294506334405867e-11,OK
2026-06-25,2026-08-21,2608,QUADRATIC,90PUT,-0.1,-0.1464023120403289,7448.28907225411,0.30361026885137565,-0.09999999999893738,1.062622212444353e-12,OK
2026-06-25,2026-08-21,2608,QUADRATIC,ATM,,0.0,8622.6,0.2678963681466499,,,OK
2026-06-25,2026-09-18,2609,QUADRATIC,10CALL,0.1,0.19340314340591433,10342.53904146764,0.29662177294388964,0.09999999993578348,6.421652098964614e-11,OK
2026-06-25,2026-09-18,2609,QUADRATIC,25CALL,0.25,0.09962705779075622,9416.743315487758,0.27931302501818395,0.25000000001187594,1.1875944672112837e-11,OK
2026-06-25,2026-09-18,2609,QUADRATIC,75PUT,-0.25,-0.08281376397609697,7846.350245684408,0.284553727452237,-0.2500000000481956,4.8195614166246514e-11,OK
2026-06-25,2026-09-18,2609,QUADRATIC,90PUT,-0.1,-0.17917565882205957,7125.547690027227,0.30806825485691497,-0.10000000001573348,1.5733470082324175e-11,OK
2026-06-25,2026-09-18,2609,QUADRATIC,ATM,,0.0,8523.8,0.2758036499404868,,,OK
2026-06-25,2026-12-18,2612,QUADRATIC,10CALL,0.1,0.2814207673072815,10959.431049140312,0.2937959984751189,0.09999999991409406,8.590594902102566e-11,OK
2026-06-25,2026-12-18,2612,QUADRATIC,25CALL,0.25,0.1468007152080536,9579.068146183743,0.27643243708782544,0.24999999992444524,7.55547568953574e-11,OK
2026-06-25,2026-12-18,2612,QUADRATIC,75PUT,-0.25,-0.1101219079494475,7408.72006293898,0.276939475490214,-0.249999999948455,5.154499049808692e-11,OK
2026-06-25,2026-12-18,2612,QUADRATIC,90PUT,-0.1,-0.23994303727149963,6506.72699482075,0.29398809860874486,-0.09999999994407481,5.592519503050397e-11,OK
2026-06-25,2026-12-18,2612,QUADRATIC,ATM,,0.0,8271.2,0.2713152720280767,,,OK
2026-06-25,2027-03-19,2703,QUADRATIC,10CALL,0.1,0.34701647007465364,10156.330633647342,0.28995720749253173,0.09999999995264675,4.735326020188779e-11,OK
2026-06-25,2027-03-19,2703,QUADRATIC,25CALL,0.25,0.28133869802951805,9510.718699843675,0.3942177985464299,0.25000000006905615,6.905614968744089e-11,OK
2026-06-25,2027-03-19,2703,QUADRATIC,75PUT,-0.25,-0.08826474052667602,6571.985594422547,0.17456418639881133,-0.24999999991948066,8.051934119457371e-11,OK
2026-06-25,2027-03-19,2703,QUADRATIC,90PUT,-0.1,-0.1139492188990115,6405.3368765615405,0.10841151633858064,-0.10000000001449551,1.4495502020928086e-11,OK
2026-06-25,2027-03-19,2703,QUADRATIC,ATM,,0.0,7178.430377151511,0.35148590843214966,,,OK
2026-06-25,2027-06-18,2706,QUADRATIC,10CALL,0.1,0.5928883028030394,12104.17812031567,0.4060794991308516,0.10000000002182444,2.182443115117394e-11,OK
2026-06-25,2027-06-18,2706,QUADRATIC,25CALL,0.25,0.35347346973419186,9527.057032668283,0.41177000380545525,0.24999999993167604,6.83239576027006e-11,OK
2026-06-25,2027-06-18,2706,QUADRATIC,75PUT,-0.25,-0.2075662822723388,5436.286000027853,0.8266311177580024,-0.2500000000515954,5.15953946234049e-11,OK
2026-06-25,2027-06-18,2706,QUADRATIC,90PUT,-0.1,-0.7238679018020628,3243.9589680130134,1.705735583740104,-0.09999999991889606,8.11039430059779e-11,OK
2026-06-25,2027-06-18,2706,QUADRATIC,ATM,,0.0,6690.324574943436,0.6075471511742437,,,OK
2026-06-26,2026-07-17,2607,QUADRATIC,10CALL,0.1,0.08197295570373535,9261.509768550635,0.26042144032679365,0.09999999995627912,4.3720888021070436e-11,OK
2026-06-26,2026-07-17,2607,QUADRATIC,25CALL,0.25,0.0437762731909752,8914.421823055893,0.25892288795666357,0.2500000000158118,1.581179631671148e-11,OK
2026-06-26,2026-07-17,2607,QUADRATIC,75PUT,-0.25,-0.04267525905370717,8176.129419823675,0.27777695685170933,-0.2499999999926782,7.321809825100445e-12,OK
2026-06-26,2026-07-17,2607,QUADRATIC,90PUT,-0.1,-0.08991925907134994,7798.838891519764,0.30111956641545157,-0.10000000006558124,6.5581234887091e-11,OK
2026-06-26,2026-07-17,2607,QUADRATIC,ATM,,0.0,8532.6,0.2646133881883778,,,OK
2026-06-26,2026-08-21,2608,QUADRATIC,10CALL,0.1,0.14045020222663882,9694.960356242382,0.26901044420215653,0.10000000002555773,2.5557722604929722e-11,OK
2026-06-26,2026-08-21,2608,QUADRATIC,25CALL,0.25,0.07572563767433167,9087.334537953087,0.26669302290654234,0.2500000000946615,9.466150086012703e-11,OK
2026-06-26,2026-08-21,2608,QUADRATIC,75PUT,-0.25,-0.0682584514021874,7868.736836802527,0.28225573241922414,-0.25000000002910283,2.910283125601154e-11,OK
2026-06-26,2026-08-21,2608,QUADRATIC,90PUT,-0.1,-0.1444746216535567,7291.296493731656,0.30206429052767975,-0.09999999997827745,2.1722554310876774e-11,OK
2026-06-26,2026-08-21,2608,QUADRATIC,ATM,,0.0,8424.6,0.2713143066763611,,,OK
2026-06-26,2026-09-18,2609,QUADRATIC,10CALL,0.1,0.18533717560768131,10013.190481572996,0.2865356270913944,0.10000000004500359,4.500358419257111e-11,OK
2026-06-26,2026-09-18,2609,QUADRATIC,25CALL,0.25,0.09815809130668642,9177.218725698358,0.2771585964884558,0.2500000000358299,3.582989460682029e-11,OK
2026-06-26,2026-09-18,2609,QUADRATIC,75PUT,-0.25,-0.08330165481567368,7654.275966460041,0.2881296571275231,-0.24999999994815972,5.1840282067061594e-11,OK
2026-06-26,2026-09-18,2609,QUADRATIC,90PUT,-0.1,-0.1796056721210479,6951.520580748261,0.3106828836512182,-0.09999999991857449,8.142551910506057e-11,OK
2026-06-26,2026-09-18,2609,QUADRATIC,ATM,,0.0,8319.2,0.2779790875491446,,,OK
2026-06-26,2026-12-18,2612,QUADRATIC,10CALL,0.1,0.26559910416603083,10519.774804006769,0.27914980157071434,0.09999999996606442,3.3935590448841424e-11,OK
2026-06-26,2026-12-18,2612,QUADRATIC,25CALL,0.25,0.14437874388694766,9318.823998691016,0.2731404225132113,0.2500000000281857,2.81856760153687e-11,OK
2026-06-26,2026-12-18,2612,QUADRATIC,75PUT,-0.25,-0.1111960216760634,7217.161090181293,0.28097371544800925,-0.24999999994503636,5.496364474666393e-11,OK
2026-06-26,2026-12-18,2612,QUADRATIC,90PUT,-0.1,-0.24046899366378785,6341.965288243954,0.2955282903067722,-0.10000000001714733,1.7147325226396504e-11,OK
2026-06-26,2026-12-18,2612,QUADRATIC,ATM,,0.0,8066.0,0.27414744800613433,,,OK
2026-06-26,2027-03-19,2703,QUADRATIC,10CALL,0.1,0.36281448352336876,10063.369561249498,0.30260463611403854,0.09999999997895304,2.1046969722604558e-11,OK
2026-06-26,2027-03-19,2703,QUADRATIC,25CALL,0.25,0.2907635352611541,9363.799211258041,0.4059012176268396,0.2500000000423405,4.2340519978978364e-11,OK
2026-06-26,2027-03-19,2703,QUADRATIC,75PUT,-0.25,-0.07451970955729492,6498.477131270636,0.1444762427645775,-0.25000000005381273,5.381273204818626e-11,OK
2026-06-26,2027-03-19,2703,QUADRATIC,90PUT,-0.1,-0.09527691820263848,6364.977221618121,0.09023921027047736,-0.09999999997001006,2.9989941086050464e-11,OK
2026-06-26,2027-03-19,2703,QUADRATIC,ATM,,0.0,7001.242067382079,0.3042967206339846,,,OK
2026-06-26,2027-06-18,2706,QUADRATIC,10CALL,0.1,0.5595551862716677,11418.380692771005,0.3864031652197097,0.10000000005721998,5.721997875518525e-11,OK
2026-06-26,2027-06-18,2706,QUADRATIC,25CALL,0.25,0.3535064949989319,9292.2034251407,0.4123649592620032,0.24999999994099642,5.900357979982118e-11,OK
2026-06-26,2027-06-18,2706,QUADRATIC,75PUT,-0.25,-0.2120867438316345,5278.185948588459,0.795255402990803,-0.25000000007153933,7.153933001546875e-11,OK
2026-06-26,2027-06-18,2706,QUADRATIC,90PUT,-0.1,-0.7613535394668578,3047.4819903422717,1.6043316455785674,-0.09999999995336858,4.663142094685213e-11,OK
2026-06-26,2027-06-18,2706,QUADRATIC,ATM,,0.0,6525.184392346372,0.5981452662282208,,,OK
2026-06-29,2026-07-17,2607,QUADRATIC,10CALL,0.1,0.07644575482606888,9190.59898980587,0.2627195862025814,0.0999999999858227,1.4177312102070516e-11,OK
2026-06-29,2026-07-17,2607,QUADRATIC,25CALL,0.25,0.04071994954347611,8868.053346861603,0.260879329001565,0.24999999990805993,9.194006667101462e-11,OK
2026-06-29,2026-07-17,2607,QUADRATIC,75PUT,-0.25,-0.03972534263134007,8182.60054575959,0.27819847625423005,-0.24999999996704989,3.295011485882071e-11,OK
2026-06-29,2026-07-17,2607,QUADRATIC,90PUT,-0.1,-0.08309544825553879,7835.305835695555,0.29986829244467395,-0.09999999998717378,1.2826226192252932e-11,OK
2026-06-29,2026-07-17,2607,QUADRATIC,ATM,,0.0,8514.2,0.26593091302460153,,,OK
2026-06-29,2026-08-21,2608,QUADRATIC,10CALL,0.1,0.13496115076541904,9620.144652027362,0.26609474643123554,0.09999999991455896,8.544104312946388e-11,OK
2026-06-29,2026-08-21,2608,QUADRATIC,25CALL,0.25,0.07302245151996611,9042.363613618465,0.26495508025397985,0.2499999999200659,7.993408712714256e-11,OK
2026-06-29,2026-08-21,2608,QUADRATIC,75PUT,-0.25,-0.06730854177474982,7858.451749613774,0.2856569299102443,-0.25000000005875916,5.875916420094995e-11,OK
2026-06-29,2026-08-21,2608,QUADRATIC,90PUT,-0.1,-0.14465178799629202,7273.563688243191,0.3108769681260509,-0.09999999994758935,5.241065914596277e-11,OK
2026-06-29,2026-08-21,2608,QUADRATIC,ATM,,0.0,8405.6,0.2716956729769497,,,OK
2026-06-29,2026-09-18,2609,QUADRATIC,10CALL,0.1,0.18396986889839173,9986.767750930634,0.28973024647124945,0.10000000005271782,5.2717816223513125e-11,OK
2026-06-29,2026-09-18,2609,QUADRATIC,25CALL,0.25,0.09703728604316712,9155.258457265607,0.2792516326617809,0.24999999993685934,6.314065936763313e-11,OK
2026-06-29,2026-09-18,2609,QUADRATIC,75PUT,-0.25,-0.08205341589450821,7654.071336037725,0.28840919791321273,-0.24999999991356,8.643999405144598e-11,OK
2026-06-29,2026-09-18,2609,QUADRATIC,90PUT,-0.1,-0.17610232257843006,6967.02845556552,0.30979562900835156,-0.0999999999518943,4.8105699979039684e-11,OK
2026-06-29,2026-09-18,2609,QUADRATIC,ATM,,0.0,8308.6,0.27907528921372243,,,OK
2026-06-29,2026-12-18,2612,QUADRATIC,10CALL,0.1,0.2646184823513031,10489.919932872837,0.28058878156227735,0.10000000003545974,3.5459732372622454e-11,OK
2026-06-29,2026-12-18,2612,QUADRATIC,25CALL,0.25,0.14440906703472142,9301.776229599809,0.27553239619244213,0.24999999992121474,7.878525609683606e-11,OK
2026-06-29,2026-12-18,2612,QUADRATIC,75PUT,-0.25,-0.11016925144195544,7211.140024133953,0.2802096311146434,-0.2499999999215678,7.843220517500527e-11,OK
2026-06-29,2026-12-18,2612,QUADRATIC,90PUT,-0.1,-0.23457927203178405,6367.56435928762,0.29009841857770485,-0.09999999995449695,4.550305965356216e-11,OK
2026-06-29,2026-12-18,2612,QUADRATIC,ATM,,0.0,8051.0,0.275620105249931,,,OK
2026-06-29,2027-03-19,2703,QUADRATIC,10CALL,0.1,0.35922506701946255,10046.511569636306,0.30155243887027583,0.09999999998023358,1.9766424608214095e-11,OK
2026-06-29,2027-03-19,2703,QUADRATIC,25CALL,0.25,0.28475054526329047,9325.484721103256,0.4011530920456686,0.25000000002078365,2.0783652576739087e-11,OK
2026-06-29,2027-03-19,2703,QUADRATIC,75PUT,-0.25,-0.07470082029700287,6509.740407295877,0.14566511265541449,-0.25000000002461753,2.461753023652591e-11,OK
2026-06-29,2027-03-19,2703,QUADRATIC,90PUT,-0.1,-0.09621988987922654,6371.153330901748,0.09167439761430601,-0.10000000007842526,7.842525240331355e-11,OK
2026-06-29,2027-03-19,2703,QUADRATIC,ATM,,0.0,7014.6470574076675,0.2991609722222558,,,OK
2026-06-29,2027-06-18,2706,QUADRATIC,10CALL,0.1,0.534546170949936,11157.681799778677,0.37260913279163554,0.1000000000169134,1.6913401235107983e-11,OK
2026-06-29,2027-06-18,2706,QUADRATIC,25CALL,0.25,0.34331769323349,9215.618738938025,0.4043655656695418,0.25000000006659007,6.659006679399226e-11,OK
2026-06-29,2027-06-18,2706,QUADRATIC,75PUT,-0.25,-0.21645126247406005,5265.261320709935,0.756178719550685,-0.2500000000231985,2.3198498677601265e-11,OK
2026-06-29,2027-06-18,2706,QUADRATIC,90PUT,-0.1,-0.7872367391586306,2975.301270403153,1.5122660021263639,-0.10000000003329489,3.3294880741330246e-11,OK
2026-06-29,2027-06-18,2706,QUADRATIC,ATM,,0.0,6537.677894335403,0.5743819013319418,,,OK
2026-06-30,2026-07-17,2607,QUADRATIC,10CALL,0.1,0.07424580013751983,9376.122972302966,0.26271664897366953,0.10000000004646292,4.646291684728965e-11,OK
2026-06-30,2026-07-17,2607,QUADRATIC,25CALL,0.25,0.038874858856201164,9050.277381340144,0.2567288861895546,0.24999999997074152,2.925848452406399e-11,OK
2026-06-30,2026-07-17,2607,QUADRATIC,75PUT,-0.25,-0.03728691715002064,8386.586892599938,0.2678512927513803,-0.25000000006454737,6.454736745098444e-11,OK
2026-06-30,2026-07-17,2607,QUADRATIC,90PUT,-0.1,-0.07740819239616402,8056.766971295164,0.2869003917058619,-0.10000000005742582,5.7425814103950756e-11,OK
2026-06-30,2026-07-17,2607,QUADRATIC,ATM,,0.0,8705.2,0.2583079957171729,,,OK
2026-06-30,2026-08-21,2608,QUADRATIC,10CALL,0.1,0.13235896039009096,9824.132258769016,0.2636436617998542,0.09999999992200753,7.799247359052686e-11,OK
2026-06-30,2026-08-21,2608,QUADRATIC,25CALL,0.25,0.07061011546850206,9235.853127736553,0.25920284217789485,0.25000000009081513,9.081513319131318e-11,OK
2026-06-30,2026-08-21,2608,QUADRATIC,75PUT,-0.25,-0.06479843759536746,8066.215685304735,0.2766281911126452,-0.24999999996008898,3.9911018934191134e-11,OK
2026-06-30,2026-08-21,2608,QUADRATIC,90PUT,-0.1,-0.13954901671409597,7485.245805155811,0.3022318297638984,-0.10000000009678171,9.67817076480415e-11,OK
2026-06-30,2026-08-21,2608,QUADRATIC,ATM,,0.0,8606.2,0.2636340352325352,,,OK
2026-06-30,2026-09-18,2609,QUADRATIC,10CALL,0.1,0.17981437468528744,10179.486153752703,0.28525636041838087,0.09999999993322203,6.677797204091007e-11,OK
2026-06-30,2026-09-18,2609,QUADRATIC,25CALL,0.25,0.09469442677497864,9348.861637443153,0.2747402611632372,0.25000000008359946,8.35994606873669e-11,OK
2026-06-30,2026-09-18,2609,QUADRATIC,75PUT,-0.25,-0.08139686381816855,7839.407796034591,0.28757541944683895,-0.24999999997753383,2.2466167814982896e-11,OK
2026-06-30,2026-09-18,2609,QUADRATIC,90PUT,-0.1,-0.1774335176944732,7121.5588524646455,0.31422870377547396,-0.10000000005138679,5.138678371707783e-11,OK
2026-06-30,2026-09-18,2609,QUADRATIC,ATM,,0.0,8504.2,0.27584609302890434,,,OK
2026-06-30,2026-12-18,2612,QUADRATIC,10CALL,0.1,0.2655866918563843,10746.574318887477,0.2823654907510717,0.09999999994257244,5.742756270521454e-11,OK
2026-06-30,2026-12-18,2612,QUADRATIC,25CALL,0.25,0.1423204417228699,9500.275380849891,0.27276524217672465,0.2500000000146948,1.469480093163611e-11,OK
2026-06-30,2026-12-18,2612,QUADRATIC,75PUT,-0.25,-0.10931797719001757,7386.709461594576,0.2784040300982449,-0.2500000000055926,5.592581953095532e-12,OK
2026-06-30,2026-12-18,2612,QUADRATIC,90PUT,-0.1,-0.2369993658065796,6501.29233634062,0.2942211872028153,-0.10000000002716711,2.716710190142635e-11,OK
2026-06-30,2026-12-18,2612,QUADRATIC,ATM,,0.0,8240.0,0.2717924410213693,,,OK
2026-06-30,2027-03-19,2703,QUADRATIC,10CALL,0.1,0.35644351220130915,11208.690276282061,0.29997758162974053,0.09999999999109441,8.905598480879462e-12,OK
2026-06-30,2027-03-19,2703,QUADRATIC,25CALL,0.25,0.2037157551050186,9621.129196296955,0.30273811224133,0.25000000003060346,3.0603464207246134e-11,OK
2026-06-30,2027-03-19,2703,QUADRATIC,75PUT,-0.25,-0.12149689817428577,6950.050908975075,0.25749561753645106,-0.24999999995182956,4.817043985916314e-11,OK
2026-06-30,2027-03-19,2703,QUADRATIC,90PUT,-0.1,-0.2274624044895172,6251.262718281395,0.2277269033119488,-0.10000000006465995,6.465994406568143e-11,OK
2026-06-30,2027-03-19,2703,QUADRATIC,ATM,,0.0,7847.899236199723,0.2825382468517426,,,OK
2026-06-30,2027-06-18,2706,QUADRATIC,10CALL,0.1,0.4676212992668153,12033.687926923423,0.33111165591586367,0.10000000000296475,2.964739564959018e-12,OK
2026-06-30,2027-06-18,2706,QUADRATIC,25CALL,0.25,0.24529357075691222,9634.807431724184,0.3065148973160827,0.2499999999116177,8.838230147745207e-11,OK
2026-06-30,2027-06-18,2706,QUADRATIC,75PUT,-0.25,-0.1950550017356872,6203.004322589633,0.44795639126357817,-0.250000000054679,5.467898356315004e-11,OK
2026-06-30,2027-06-18,2706,QUADRATIC,90PUT,-0.1,-0.7735297775268555,3478.3532127371673,1.0178262824115474,-0.09999999991750365,8.249635696788715e-11,OK
2026-06-30,2027-06-18,2706,QUADRATIC,ATM,,0.0,7538.993948835754,0.3541251284917075,,,OK
2026-07-01,2026-07-17,2607,QUADRATIC,10CALL,0.1,0.07018594813346864,9362.163117624892,0.25628713140621706,0.10000000005502836,5.502835687121177e-11,OK
2026-07-01,2026-07-17,2607,QUADRATIC,25CALL,0.25,0.0366858632862568,9053.725054465292,0.25025430885940314,0.2499999999440183,5.5981691504669584e-11,OK
2026-07-01,2026-07-17,2607,QUADRATIC,75PUT,-0.25,-0.035454301327467,8423.59011335625,0.2619088852583149,-0.24999999999424194,5.758060694915912e-12,OK
2026-07-01,2026-07-17,2607,QUADRATIC,90PUT,-0.1,-0.07386063158512121,8106.204745353261,0.2818440644132153,-0.10000000007892092,7.892091147265745e-11,OK
2026-07-01,2026-07-17,2607,QUADRATIC,ATM,,0.0,8727.6,0.251974733721988,,,OK
2026-07-01,2026-08-21,2608,QUADRATIC,10CALL,0.1,0.13363422203063963,9853.127424864639,0.2686829356483358,0.10000000002108497,2.1084967105622354e-11,OK
2026-07-01,2026-08-21,2608,QUADRATIC,25CALL,0.25,0.06937714785337447,9239.907138665047,0.2574362659188011,0.2499999999507217,4.927830365986097e-11,OK
2026-07-01,2026-08-21,2608,QUADRATIC,75PUT,-0.25,-0.06196394532918936,8102.646546858792,0.2660291377606717,-0.2499999999942256,5.774408728953517e-12,OK
2026-07-01,2026-08-21,2608,QUADRATIC,90PUT,-0.1,-0.1320227236747741,7554.413516194961,0.2879579862081888,-0.10000000004891312,4.891310967369833e-11,OK
2026-07-01,2026-08-21,2608,QUADRATIC,ATM,,0.0,8620.6,0.25669055587436207,,,OK
2026-07-01,2026-09-18,2609,QUADRATIC,10CALL,0.1,0.184155900478363,10239.886253536824,0.29364742971012137,0.09999999998270286,1.729714982356967e-11,OK
2026-07-01,2026-09-18,2609,QUADRATIC,25CALL,0.25,0.09369892865419388,9354.275763434154,0.2737874872696721,0.2499999999991719,8.280875984922886e-13,OK
2026-07-01,2026-09-18,2609,QUADRATIC,75PUT,-0.25,-0.0784459669589997,7874.9642424432395,0.27762716548003463,-0.25000000008335815,8.335815371296462e-11,OK
2026-07-01,2026-09-18,2609,QUADRATIC,90PUT,-0.1,-0.16984842371940606,7187.088751463768,0.3018517318441431,-0.10000000001107781,1.1077805339709812e-11,OK
2026-07-01,2026-09-18,2609,QUADRATIC,ATM,,0.0,8517.6,0.269107809113572,,,OK
2026-07-01,2026-12-18,2612,QUADRATIC,10CALL,0.1,0.27240018987655645,10830.550996529179,0.28996738073593864,0.09999999996392364,3.6076364118287074e-11,OK
2026-07-01,2026-12-18,2612,QUADRATIC,25CALL,0.25,0.1414735807180405,9501.44913436351,0.27210491658121627,0.24999999998357872,1.6421281001655075e-11,OK
2026-07-01,2026-12-18,2612,QUADRATIC,75PUT,-0.25,-0.10746297383308398,7407.60942747971,0.2735443735297231,-0.25000000005476897,5.476896713929591e-11,OK
2026-07-01,2026-12-18,2612,QUADRATIC,90PUT,-0.1,-0.23491289591789247,6521.196365823664,0.29224055906520496,-0.09999999997927675,2.0723256444199478e-11,OK
2026-07-01,2026-12-18,2612,QUADRATIC,ATM,,0.0,8248.0,0.26723119849642335,,,OK
2026-07-01,2027-03-19,2703,QUADRATIC,10CALL,0.1,0.3467816731929779,11190.080539210865,0.293061710361286,0.09999999997306348,2.6936522456999512e-11,OK
2026-07-01,2027-03-19,2703,QUADRATIC,25CALL,0.25,0.19626810622215274,9626.44648226794,0.29371754101241976,0.250000000098528,9.852801907683784e-11,OK
2026-07-01,2027-03-19,2703,QUADRATIC,75PUT,-0.25,-0.12267777407169331,6997.607272868354,0.2610968485826891,-0.24999999995296446,4.703554212781569e-11,OK
2026-07-01,2027-03-19,2703,QUADRATIC,90PUT,-0.1,-0.23664882624149317,6243.851504694468,0.2382331038747192,-0.10000000002177875,2.1778745473710615e-11,OK
2026-07-01,2027-03-19,2703,QUADRATIC,ATM,,0.0,7910.935529512348,0.27911297102295085,,,OK
2026-07-01,2027-06-18,2706,QUADRATIC,10CALL,0.1,0.3850025649070741,11168.43474792077,0.2780805324264384,0.10000000000239781,2.397804177434182e-12,OK
2026-07-01,2027-06-18,2706,QUADRATIC,25CALL,0.25,0.2411528251171112,9672.064030412897,0.3025581100675005,0.2500000000470958,4.7095827238052834e-11,OK
2026-07-01,2027-06-18,2706,QUADRATIC,75PUT,-0.25,-0.16730152332782736,6428.79671739425,0.3451439498586783,-0.25000000000832995,8.329947842611318e-12,OK
2026-07-01,2027-06-18,2706,QUADRATIC,90PUT,-0.1,-0.3799950058460234,5197.064269017029,0.35155599418410144,-0.0999999999890144,1.0985601317514693e-11,OK
2026-07-01,2027-06-18,2706,QUADRATIC,ATM,,0.0,7599.549037470027,0.3325148436287256,,,OK
2026-07-02,2026-07-17,2607,QUADRATIC,10CALL,0.1,0.07184946835041048,9208.4100371384,0.27083213297689107,0.10000000009455692,9.455691785120734e-11,OK
2026-07-02,2026-07-17,2607,QUADRATIC,25CALL,0.25,0.03695587024092675,8892.636750006657,0.2602831480772352,0.25000000000561207,5.612066367177704e-12,OK
2026-07-02,2026-07-17,2607,QUADRATIC,75PUT,-0.25,-0.03530287349224094,8272.73244648399,0.26927803209723944,-0.2500000000945828,9.458278604768111e-11,OK
2026-07-02,2026-07-17,2607,QUADRATIC,90PUT,-0.1,-0.0738652282953263,7959.789098280231,0.2911002726884196,-0.10000000001833399,1.8333987106267102e-11,OK
2026-07-02,2026-07-17,2607,QUADRATIC,ATM,,0.0,8570.0,0.259686907645301,,,OK
2026-07-02,2026-08-21,2608,QUADRATIC,10CALL,0.1,0.13407307064533233,9688.675292740314,0.27221046043525604,0.09999999998417519,1.582481368167521e-11,OK
2026-07-02,2026-08-21,2608,QUADRATIC,25CALL,0.25,0.07063694334030152,9093.151798107312,0.26440791915454637,0.24999999999708677,2.9132252166164108e-12,OK
2026-07-02,2026-08-21,2608,QUADRATIC,75PUT,-0.25,-0.0633324894905091,7953.023316248448,0.2751227172285046,-0.250000000067122,6.712197464509018e-11,OK
2026-07-02,2026-08-21,2608,QUADRATIC,90PUT,-0.1,-0.13413779044151297,7409.380605217875,0.2956940943146106,-0.10000000008367999,8.367997961222784e-11,OK
2026-07-02,2026-08-21,2608,QUADRATIC,ATM,,0.0,8473.0,0.26545752915120474,,,OK
2026-07-02,2026-09-18,2609,QUADRATIC,10CALL,0.1,0.18287819385528564,10049.832552603524,0.2935667978055275,0.09999999995855116,4.144884435675067e-11,OK
2026-07-02,2026-09-18,2609,QUADRATIC,25CALL,0.25,0.09455138778686524,9200.236284889726,0.27783122803997423,0.2500000000263441,2.634409357327172e-11,OK
2026-07-02,2026-09-18,2609,QUADRATIC,75PUT,-0.25,-0.07983881115913398,7727.91399563736,0.28494841653027164,-0.25000000005760725,5.760725230175012e-11,OK
2026-07-02,2026-09-18,2609,QUADRATIC,90PUT,-0.1,-0.17284585881233205,7041.575376916239,0.30947216098381275,-0.10000000006411253,6.411252084781438e-11,OK
2026-07-02,2026-09-18,2609,QUADRATIC,ATM,,0.0,8370.2,0.2753983807992499,,,OK
2026-07-02,2026-12-18,2612,QUADRATIC,10CALL,0.1,0.26430966734886174,10563.009333406379,0.2827459930681317,0.09999999996548335,3.4516653424354615e-11,OK
2026-07-02,2026-12-18,2612,QUADRATIC,25CALL,0.25,0.14144938910007482,9341.790480965772,0.27285681984152915,0.24999999997990757,2.0092427721607464e-11,OK
2026-07-02,2026-12-18,2612,QUADRATIC,75PUT,-0.25,-0.10849293756484973,7275.813350186208,0.27747910628466443,-0.24999999998311404,1.6885964848611934e-11,OK
2026-07-02,2026-12-18,2612,QUADRATIC,90PUT,-0.1,-0.234378294467926,6415.2004882445,0.29236898286678403,-0.10000000002197387,2.1973867170288486e-11,OK
2026-07-02,2026-12-18,2612,QUADRATIC,ATM,,0.0,8109.6,0.27139804180409693,,,OK
2026-07-02,2027-03-19,2703,QUADRATIC,10CALL,0.1,0.32836595726013196,10679.59506113545,0.2792386750516218,0.10000000000161063,1.6106282973993302e-12,OK
2026-07-02,2027-03-19,2703,QUADRATIC,25CALL,0.25,0.205480126619339,9444.656072206266,0.3061425430164351,0.2499999999084572,9.154280111722812e-11,OK
2026-07-02,2027-03-19,2703,QUADRATIC,75PUT,-0.25,-0.116804412126541,6842.577908257918,0.2461762497105783,-0.2500000000634712,6.347117276206404e-11,OK
2026-07-02,2027-03-19,2703,QUADRATIC,90PUT,-0.1,-0.200663556933403,6292.166222990982,0.19958734831192265,-0.10000000002465122,2.4651211627535474e-11,OK
2026-07-02,2027-03-19,2703,QUADRATIC,ATM,,0.0,7690.370485528904,0.2897448572033968,,,OK
2026-07-02,2027-06-18,2706,QUADRATIC,10CALL,0.1,0.38948382902145384,10905.809738541708,0.2814244839606482,0.10000000004160006,4.1600056732704616e-11,OK
2026-07-02,2027-06-18,2706,QUADRATIC,25CALL,0.25,0.2525704382658005,9510.365033730646,0.31502987686979933,0.2500000000220031,2.200312154698736e-11,OK
2026-07-02,2027-06-18,2706,QUADRATIC,75PUT,-0.25,-0.16077671885490413,6290.465679689865,0.32567727217493797,-0.24999999994648767,5.351233345329831e-11,OK
2026-07-02,2027-06-18,2706,QUADRATIC,90PUT,-0.1,-0.32392846608161935,5343.513287640349,0.292327795908657,-0.10000000004177646,4.1776457293529745e-11,OK
2026-07-02,2027-06-18,2706,QUADRATIC,ATM,,0.0,7387.665770130692,0.3377483176057294,,,OK
2026-07-03,2026-07-17,2607,QUADRATIC,10CALL,0.1,0.06561791700124743,9148.215885698392,0.25647733579857185,0.09999999997102323,2.8976779309353162e-11,OK
2026-07-03,2026-07-17,2607,QUADRATIC,25CALL,0.25,0.033731484889984134,8861.113580399875,0.2466846823115753,0.24999999990035252,9.9647484708143e-11,OK
2026-07-03,2026-07-17,2607,QUADRATIC,75PUT,-0.25,-0.032354328989982646,8294.450105119096,0.25450307907080255,-0.249999999945835,5.4165005813899825e-11,OK
2026-07-03,2026-07-17,2607,QUADRATIC,90PUT,-0.1,-0.06730692541599279,8009.545618470512,0.27397299589534013,-0.10000000000962794,9.627937336276204e-12,OK
2026-07-03,2026-07-17,2607,QUADRATIC,ATM,,0.0,8567.2,0.24593642032068005,,,OK
2026-07-03,2026-08-21,2608,QUADRATIC,10CALL,0.1,0.1273282973766327,9618.322625195513,0.2616174904973317,0.09999999993103725,6.89627521754943e-11,OK
2026-07-03,2026-08-21,2608,QUADRATIC,25CALL,0.25,0.066891597032547,9054.240267659705,0.2537767162879837,0.25000000001022704,1.0227041435939555e-11,OK
2026-07-03,2026-08-21,2608,QUADRATIC,75PUT,-0.25,-0.0608955044150353,7968.100111499738,0.26629668013724433,-0.2500000000040374,4.037381540200613e-12,OK
2026-07-03,2026-08-21,2608,QUADRATIC,90PUT,-0.1,-0.13024546289443964,7434.238293575876,0.2896307774107374,-0.1000000000059742,5.974193362234814e-12,OK
2026-07-03,2026-08-21,2608,QUADRATIC,ATM,,0.0,8468.4,0.2554024936806357,,,OK
2026-07-03,2026-09-18,2609,QUADRATIC,10CALL,0.1,0.17703203654289243,9994.593329842566,0.2864564733378425,0.1000000000164259,1.642588842720727e-11,OK
2026-07-03,2026-09-18,2609,QUADRATIC,25CALL,0.25,0.09165612012147903,9176.706427940584,0.2717250108413848,0.24999999997463576,2.5364238487313173e-11,OK
2026-07-03,2026-09-18,2609,QUADRATIC,75PUT,-0.25,-0.0780583641529084,7744.275142200284,0.27962252108112884,-0.2499999999091933,9.080669549632603e-11,OK
2026-07-03,2026-09-18,2609,QUADRATIC,90PUT,-0.1,-0.16906368684768666,7070.622728038956,0.3042350183957437,-0.09999999996736643,3.263357639671227e-11,OK
2026-07-03,2026-09-18,2609,QUADRATIC,ATM,,0.0,8373.0,0.2698455384005749,,,OK
2026-07-03,2026-12-18,2612,QUADRATIC,10CALL,0.1,0.2658080461025238,10583.8056274107,0.2850836345293963,0.09999999993129513,6.87048751224495e-11,OK
2026-07-03,2026-12-18,2612,QUADRATIC,25CALL,0.25,0.14096866488456727,9341.676011876962,0.27282800071866903,0.2500000000488354,4.883538018418676e-11,OK
2026-07-03,2026-12-18,2612,QUADRATIC,75PUT,-0.25,-0.10645621848106374,7294.0634939397105,0.2720612019499029,-0.24999999997995234,2.0047657978139455e-11,OK
2026-07-03,2026-12-18,2612,QUADRATIC,90PUT,-0.1,-0.22686631774902344,6466.601487096219,0.2829994711491022,-0.09999999995623393,4.376607409817268e-11,OK
2026-07-03,2026-12-18,2612,QUADRATIC,ATM,,0.0,8113.4,0.2685585058854077,,,OK
2026-07-03,2027-03-19,2703,QUADRATIC,10CALL,0.1,0.3331274039745331,10729.646124784036,0.28350947072094695,0.0999999999863107,1.368929969380872e-11,OK
2026-07-03,2027-03-19,2703,QUADRATIC,25CALL,0.25,0.20547833633422857,9443.828963647864,0.30671990246906267,0.2500000000548937,5.4893700696112546e-11,OK
2026-07-03,2027-03-19,2703,QUADRATIC,75PUT,-0.25,-0.11400611495971667,6861.16366062952,0.2394334182599855,-0.25000000009625656,9.6256558279606e-11,OK
2026-07-03,2027-03-19,2703,QUADRATIC,90PUT,-0.1,-0.19499882113933556,6327.367994318866,0.19390742904487918,-0.10000000001447286,1.4472853471225733e-11,OK
2026-07-03,2027-03-19,2703,QUADRATIC,ATM,,0.0,7689.710773956314,0.2840045128805251,,,OK
2026-07-03,2027-06-18,2706,QUADRATIC,10CALL,0.1,0.4184356112480163,11225.204426910297,0.30079135767680626,0.1000000000812021,8.120210059914257e-11,OK
2026-07-03,2027-06-18,2706,QUADRATIC,25CALL,0.25,0.2505933516025543,9490.766566222308,0.3133898035017957,0.250000000015877,1.5877021919408207e-11,OK
2026-07-03,2027-06-18,2706,QUADRATIC,75PUT,-0.25,-0.18578174591064447,6134.596390966912,0.41053666218012297,-0.24999999996623484,3.3765157336773655e-11,OK
2026-07-03,2027-06-18,2706,QUADRATIC,90PUT,-0.1,-0.5498669681549072,4262.513738918115,0.5627642271927182,-0.09999999994083077,5.916923895288306e-11,OK
2026-07-03,2027-06-18,2706,QUADRATIC,ATM,,0.0,7387.032025812111,0.3578077267480196,,,OK
2026-07-06,2026-07-17,2607,QUADRATIC,10CALL,0.1,0.06395206731557847,9016.57730961192,0.28212008103458364,0.09999999992273734,7.726266848528951e-11,OK
2026-07-06,2026-07-17,2607,QUADRATIC,25CALL,0.25,0.03255659240484238,8737.895152719508,0.26888192578188747,0.24999999996215216,3.7847835976378974e-11,OK
2026-07-06,2026-07-17,2607,QUADRATIC,75PUT,-0.25,-0.031013800770044356,8199.71123396699,0.27472579124824226,-0.24999999997580594,2.4194063419358258e-11,OK
2026-07-06,2026-07-17,2607,QUADRATIC,90PUT,-0.1,-0.06436456871032718,7930.754454003985,0.2952727805411084,-0.09999999992133847,7.86615356185294e-11,OK
2026-07-06,2026-07-17,2607,QUADRATIC,ATM,,0.0,8458.0,0.26641418590134885,,,OK
2026-07-06,2026-08-21,2608,QUADRATIC,10CALL,0.1,0.12367402124404905,9462.831528420651,0.26251367021300515,0.10000000007560578,7.560577164333893e-11,OK
2026-07-06,2026-08-21,2608,QUADRATIC,25CALL,0.25,0.06619449394941332,8934.249297401957,0.25932302259346307,0.2499999999146891,8.53108972354022e-11,OK
2026-07-06,2026-08-21,2608,QUADRATIC,75PUT,-0.25,-0.06000674545764927,7874.981909295369,0.27045201645244676,-0.2499999999004986,9.950140711367794e-11,OK
2026-07-06,2026-08-21,2608,QUADRATIC,90PUT,-0.1,-0.12478796887397754,7381.003936085228,0.285843415063085,-0.10000000001912575,1.9125742656278533e-11,OK
2026-07-06,2026-08-21,2608,QUADRATIC,ATM,,0.0,8362.0,0.26205295771029824,,,OK
2026-07-06,2026-09-18,2609,QUADRATIC,10CALL,0.1,0.17339576983451846,9829.867953989968,0.28646362782224905,0.10000000004754962,4.754961702158056e-11,OK
2026-07-06,2026-09-18,2609,QUADRATIC,25CALL,0.25,0.08994770479202271,9042.877543296328,0.2723766878056779,0.2500000000043523,4.352296301135539e-12,OK
2026-07-06,2026-09-18,2609,QUADRATIC,75PUT,-0.25,-0.0763905976414681,7657.144500443047,0.2783897248838968,-0.2500000000007946,7.945866187242245e-13,OK
2026-07-06,2026-09-18,2609,QUADRATIC,90PUT,-0.1,-0.1635910236835479,7017.722306240773,0.29968308558016166,-0.10000000001010566,1.0105652425984601e-11,OK
2026-07-06,2026-09-18,2609,QUADRATIC,ATM,,0.0,8265.0,0.2699901699719446,,,OK
2026-07-06,2026-12-18,2612,QUADRATIC,10CALL,0.1,0.2616398189067841,10410.395502734023,0.2834315744069101,0.09999999997019311,2.980689306486539e-11,OK
2026-07-06,2026-12-18,2612,QUADRATIC,25CALL,0.25,0.1398864804506302,9217.0177981844,0.2733800888429455,0.24999999996394154,3.6058461772014994e-11,OK
2026-07-06,2026-12-18,2612,QUADRATIC,75PUT,-0.25,-0.10630180811882008,7205.634197641816,0.2739944718817237,-0.24999999992919955,7.080044883700509e-11,OK
2026-07-06,2026-12-18,2612,QUADRATIC,90PUT,-0.1,-0.2260487308502197,6392.441806413999,0.28442245411579087,-0.09999999997002759,2.9972413440049195e-11,OK
2026-07-06,2026-12-18,2612,QUADRATIC,ATM,,0.0,8013.8,0.2702918621664508,,,OK
2026-07-06,2027-03-19,2703,QUADRATIC,10CALL,0.1,0.3279283977746964,10504.425284077115,0.28104851473012826,0.10000000001440362,1.4403617187852547e-11,OK
2026-07-06,2027-03-19,2703,QUADRATIC,25CALL,0.25,0.20898961853981024,9326.48166659079,0.3130049518894114,0.250000000041987,4.1987024967937714e-11,OK
2026-07-06,2027-03-19,2703,QUADRATIC,75PUT,-0.25,-0.1117595177888869,6767.3441187434255,0.23503682452988311,-0.2500000000833108,8.331080270096436e-11,OK
2026-07-06,2027-03-19,2703,QUADRATIC,90PUT,-0.1,-0.18462784516811365,6291.7571074618245,0.18394008787670796,-0.10000000006455918,6.455917744840889e-11,OK
2026-07-06,2027-03-19,2703,QUADRATIC,ATM,,0.0,7567.54135130887,0.2893886391819948,,,OK
2026-07-06,2027-06-18,2706,QUADRATIC,10CALL,0.1,0.4614970617294311,11532.949930026243,0.3299997370560504,0.10000000007460157,7.460156103977766e-11,OK
2026-07-06,2027-06-18,2706,QUADRATIC,25CALL,0.25,0.25253865814208987,9358.169884337622,0.31676444355362715,0.24999999990383837,9.616163421100055e-11,OK
2026-07-06,2027-06-18,2706,QUADRATIC,75PUT,-0.25,-0.18768194246292105,6025.672826496371,0.41971639151662277,-0.2499999999251697,7.483030861621387e-11,OK
2026-07-06,2027-06-18,2706,QUADRATIC,90PUT,-0.1,-0.6440611763000486,3817.706737124418,0.7137803382429078,-0.09999999994417547,5.582453943553389e-11,OK
2026-07-06,2027-06-18,2706,QUADRATIC,ATM,,0.0,7269.671378032203,0.35412522972984506,,,OK
2026-07-07,2026-07-17,2607,QUADRATIC,10CALL,0.1,0.06263739973306655,8832.89828235117,0.28991204683559646,0.09999999995798844,4.201156089678193e-11,OK
2026-07-07,2026-07-17,2607,QUADRATIC,25CALL,0.25,0.031385505348443976,8561.122353929868,0.27216689157621765,0.24999999991030897,8.969103237888021e-11,OK
2026-07-07,2026-07-17,2607,QUADRATIC,75PUT,-0.25,-0.029256798654794716,8057.384447909183,0.27121380315844423,-0.25000000010301976,1.030197593898663e-10,OK
2026-07-07,2026-07-17,2607,QUADRATIC,90PUT,-0.1,-0.059841406941413926,7814.682885524461,0.2874960827010672,-0.09999999998897975,1.1020254153670805e-11,OK
2026-07-07,2026-07-17,2607,QUADRATIC,ATM,,0.0,8296.6,0.26615690053213636,,,OK
2026-07-07,2026-08-21,2608,QUADRATIC,10CALL,0.1,0.1237810434103012,9280.497893544762,0.2656318125314432,0.10000000006037404,6.037403910141848e-11,OK
2026-07-07,2026-08-21,2608,QUADRATIC,25CALL,0.25,0.06497010374069212,8750.442390545062,0.2576149784714194,0.24999999999498465,5.015349247017298e-12,OK
2026-07-07,2026-08-21,2608,QUADRATIC,75PUT,-0.25,-0.05802210128307347,7737.758552699788,0.26365873287615077,-0.25000000007968987,7.968986581730064e-11,OK
2026-07-07,2026-08-21,2608,QUADRATIC,90PUT,-0.1,-0.12045015931129445,7269.474422814983,0.2785343265369178,-0.10000000007536246,7.536245238970452e-11,OK
2026-07-07,2026-08-21,2608,QUADRATIC,ATM,,0.0,8200.0,0.2569621489040331,,,OK
2026-07-07,2026-09-18,2609,QUADRATIC,10CALL,0.1,0.1701769425868988,9620.68808827648,0.28330120438579537,0.0999999999223554,7.764459908354837e-11,OK
2026-07-07,2026-09-18,2609,QUADRATIC,25CALL,0.25,0.08708794409036637,8853.62332486284,0.26616054281287943,0.2500000000468493,4.684930221543482e-11,OK
2026-07-07,2026-09-18,2609,QUADRATIC,75PUT,-0.25,-0.07349785161018378,7540.141849473899,0.26850028675864307,-0.24999999999090775,9.092254726894566e-12,OK
2026-07-07,2026-09-18,2609,QUADRATIC,90PUT,-0.1,-0.15657631802558886,6939.033698902749,0.28805889828587083,-0.09999999992670973,7.329027662539289e-11,OK
2026-07-07,2026-09-18,2609,QUADRATIC,ATM,,0.0,8115.2,0.2616278595777614,,,OK
2026-07-07,2026-12-18,2612,QUADRATIC,10CALL,0.1,0.2670307836532592,10279.638376842859,0.28976054195462114,0.1000000000682684,6.826839094031811e-11,OK
2026-07-07,2026-12-18,2612,QUADRATIC,25CALL,0.25,0.13965029907226562,9050.179551659232,0.2737887267728741,0.250000000059977,5.997702334781252e-11,OK
2026-07-07,2026-12-18,2612,QUADRATIC,75PUT,-0.25,-0.10301203143596635,7100.1951314266535,0.26476010157020935,-0.2499999999731261,2.6873892000622845e-11,OK
2026-07-07,2026-12-18,2612,QUADRATIC,90PUT,-0.1,-0.21490386247634885,6348.575366036902,0.2700506489819967,-0.09999999992116024,7.883976804734516e-11,OK
2026-07-07,2026-12-18,2612,QUADRATIC,ATM,,0.0,7870.6,0.2651647611138427,,,OK
2026-07-07,2027-03-19,2703,QUADRATIC,10CALL,0.1,0.3379814891815185,10401.250353294914,0.2895375106159334,0.09999999995313241,4.686759313976552e-11,OK
2026-07-07,2027-03-19,2703,QUADRATIC,25CALL,0.25,0.2095657279491425,9147.771191312391,0.3143493158445364,0.25000000005700607,5.70060665339156e-11,OK
2026-07-07,2027-03-19,2703,QUADRATIC,75PUT,-0.25,-0.10315483283996571,6691.176399680208,0.21396174304386173,-0.25000000000214495,2.1449508835758024e-12,OK
2026-07-07,2027-03-19,2703,QUADRATIC,90PUT,-0.1,-0.16690420842170706,6277.930121076442,0.1655210791973127,-0.099999999955691,4.430900091279e-11,OK
2026-07-07,2027-03-19,2703,QUADRATIC,ATM,,0.0,7418.260057014713,0.27227541624635476,,,OK
2026-07-07,2027-06-18,2706,QUADRATIC,10CALL,0.1,0.4438880734443663,11108.109990204923,0.31909404919626777,0.09999999990702356,9.29764459867144e-11,OK
2026-07-07,2027-06-18,2706,QUADRATIC,25CALL,0.25,0.253565173149109,9182.987349139306,0.31829522678200173,0.24999999991658128,8.341871637895792e-11,OK
2026-07-07,2027-06-18,2706,QUADRATIC,75PUT,-0.25,-0.1826282429695129,5936.734025888631,0.4005823006409254,-0.2500000000415296,4.152961308179215e-11,OK
2026-07-07,2027-06-18,2706,QUADRATIC,90PUT,-0.1,-0.5438025188446045,4137.057883315966,0.5573617331648253,-0.10000000006752056,6.752055858871842e-11,OK
2026-07-07,2027-06-18,2706,QUADRATIC,ATM,,0.0,7126.266023237791,0.3518759045739019,,,OK
2026-07-08,2026-07-17,2607,QUADRATIC,10CALL,0.1,0.06126231515407562,8644.911044812736,0.298998646380012,0.10000000005467684,5.467683250603983e-11,OK
2026-07-08,2026-07-17,2607,QUADRATIC,25CALL,0.25,0.030675965249538424,8384.49762038046,0.28058949537687244,0.24999999997810923,2.1890766976895293e-11,OK
2026-07-08,2026-07-17,2607,QUADRATIC,75PUT,-0.25,-0.02863134869933131,7901.69398876823,0.279545481896591,-0.25000000006431566,6.431566390574517e-11,OK
2026-07-08,2026-07-17,2607,QUADRATIC,90PUT,-0.1,-0.0585479400157929,7668.803256975982,0.29636802010446267,-0.10000000009372631,9.372630449533403e-11,OK
2026-07-08,2026-07-17,2607,QUADRATIC,ATM,,0.0,8131.2,0.2743409465892417,,,OK
2026-07-08,2026-08-21,2608,QUADRATIC,10CALL,0.1,0.12666330373287205,9132.489932092507,0.2746669399765785,0.09999999995346417,4.6535830744431905e-11,OK
2026-07-08,2026-08-21,2608,QUADRATIC,25CALL,0.25,0.06692951196432113,8602.944991326702,0.2678939423225012,0.249999999992055,7.945005764398161e-12,OK
2026-07-08,2026-08-21,2608,QUADRATIC,75PUT,-0.25,-0.05849746704101568,7588.831344429907,0.26898339884768485,-0.2500000000696203,6.962030951740417e-11,OK
2026-07-08,2026-08-21,2608,QUADRATIC,90PUT,-0.1,-0.11845997142791737,7147.160193665824,0.27683303735627285,-0.1000000000101209,1.0120890236997582e-11,OK
2026-07-08,2026-08-21,2608,QUADRATIC,ATM,,0.0,8046.0,0.26589408263704284,,,OK
2026-07-08,2026-09-18,2609,QUADRATIC,10CALL,0.1,0.17313111782073975,9481.261402776263,0.2899823937642804,0.09999999990214413,9.785587617994196e-11,OK
2026-07-08,2026-09-18,2609,QUADRATIC,25CALL,0.25,0.08970592349767685,8722.380313973668,0.27542622241945025,0.25000000003785655,3.785655122712228e-11,OK
2026-07-08,2026-09-18,2609,QUADRATIC,75PUT,-0.25,-0.07464009833335884,7400.489529267138,0.275009675705925,-0.2500000000405311,4.0531078493444284e-11,OK
2026-07-08,2026-09-18,2609,QUADRATIC,90PUT,-0.1,-0.15585962259769431,6823.186738023149,0.28864496341571994,-0.09999999996153748,3.84625248317505e-11,OK
2026-07-08,2026-09-18,2609,QUADRATIC,ATM,,0.0,7974.0,0.270552233240423,,,OK
2026-07-08,2026-12-18,2612,QUADRATIC,10CALL,0.1,0.2714864602088928,10154.469844012285,0.2951684552954156,0.09999999995879903,4.1200973188715295e-11,OK
2026-07-08,2026-12-18,2612,QUADRATIC,25CALL,0.25,0.14449174463748937,8943.43077979051,0.2830847968552073,0.2499999999769684,2.3031604401424488e-11,OK
2026-07-08,2026-12-18,2612,QUADRATIC,75PUT,-0.25,-0.10416729331016526,6974.497162779261,0.26907742836468884,-0.2500000000812183,8.12183098553021e-11,OK
2026-07-08,2026-12-18,2612,QUADRATIC,90PUT,-0.1,-0.2120444940328598,6261.269956755153,0.26697512360569836,-0.10000000001264124,1.2641235280774765e-11,OK
2026-07-08,2026-12-18,2612,QUADRATIC,ATM,,0.0,7740.2,0.2733899713243682,,,OK
2026-07-08,2027-03-19,2703,QUADRATIC,10CALL,0.1,0.337564525604248,10171.037568960168,0.28977302779985487,0.10000000002353514,2.353513217645542e-11,OK
2026-07-08,2027-03-19,2703,QUADRATIC,25CALL,0.25,0.22525225520133974,9090.518588179937,0.33501733204509754,0.2500000000075713,7.571276938733718e-12,OK
2026-07-08,2027-03-19,2703,QUADRATIC,75PUT,-0.25,-0.09703784143924699,6585.971524648534,0.19951337672462896,-0.24999999993255398,6.744602099040264e-11,OK
2026-07-08,2027-03-19,2703,QUADRATIC,90PUT,-0.1,-0.1462262130975722,6269.85663196439,0.14421838762634673,-0.100000000054419,5.4418997086358445e-11,OK
2026-07-08,2027-03-19,2703,QUADRATIC,ATM,,0.0,7257.09565855512,0.2817185353579331,,,OK
2026-07-08,2027-06-18,2706,QUADRATIC,10CALL,0.1,0.4612623391151428,11057.234312973123,0.33079376749072786,0.09999999993729312,6.270688135412428e-11,OK
2026-07-08,2027-06-18,2706,QUADRATIC,25CALL,0.25,0.26108923959732055,9051.33085940043,0.32666649016491195,0.2500000000886431,8.864309286593652e-11,OK
2026-07-08,2027-06-18,2706,QUADRATIC,75PUT,-0.25,-0.19213535499572748,5752.802967227491,0.4395138282240547,-0.24999999999996805,3.194666753358888e-14,OK
2026-07-08,2027-06-18,2706,QUADRATIC,90PUT,-0.1,-0.6491817169189453,3642.392866850143,0.724978327686384,-0.09999999992693685,7.30631527501302e-11,OK
2026-07-08,2027-06-18,2706,QUADRATIC,ATM,,0.0,6971.4453013877755,0.37097553102651026,,,OK
2026-07-09,2026-07-17,2607,QUADRATIC,10CALL,0.1,0.054488158822059624,8746.425368552002,0.2826166333296721,0.10000000002563394,2.563393941557024e-11,OK
2026-07-09,2026-07-17,2607,QUADRATIC,25CALL,0.25,0.027266767293214804,8511.54686265221,0.26543076130587934,0.25000000012161727,1.2161727180881599e-10,OK
2026-07-09,2026-07-17,2607,QUADRATIC,75PUT,-0.25,-0.02544548025727274,8074.5040439046525,0.2624838903473469,-0.249999999910612,8.938799700430877e-11,OK
2026-07-09,2026-07-17,2607,QUADRATIC,90PUT,-0.1,-0.05148430627584462,7866.96717222087,0.2757900988538617,-0.09999999998212629,1.7873716395833128e-11,OK
2026-07-09,2026-07-17,2607,QUADRATIC,ATM,,0.0,8282.6,0.25891172293791986,,,OK
2026-07-09,2026-08-21,2608,QUADRATIC,10CALL,0.1,0.12134515988826751,9265.822294106547,0.266560632468079,0.09999999991132325,8.867676037915828e-11,OK
2026-07-09,2026-08-21,2608,QUADRATIC,25CALL,0.25,0.06377492535114287,8747.451265530259,0.25895044304502063,0.25000000009791057,9.791056854169256e-11,OK
2026-07-09,2026-08-21,2608,QUADRATIC,75PUT,-0.25,-0.05723970836400992,7750.425462795086,0.2657685789885768,-0.249999999949541,5.0458998090974205e-11,OK
2026-07-09,2026-08-21,2608,QUADRATIC,90PUT,-0.1,-0.11891080081462849,7286.888576390048,0.2811371226616122,-0.09999999993544936,6.455064260890708e-11,OK
2026-07-09,2026-08-21,2608,QUADRATIC,ATM,,0.0,8207.0,0.25868984396764305,,,OK
2026-07-09,2026-09-18,2609,QUADRATIC,10CALL,0.1,0.17263705778121954,9658.884129377957,0.2912172100608356,0.09999999991330548,8.66945265576291e-11,OK
2026-07-09,2026-09-18,2609,QUADRATIC,25CALL,0.25,0.089301121532917,8886.579263745707,0.27619218820480185,0.24999999999648737,3.5126346276115328e-12,OK
2026-07-09,2026-09-18,2609,QUADRATIC,75PUT,-0.25,-0.07435218477249153,7545.028612364984,0.27573707170717193,-0.2499999999433003,5.669970049027029e-11,OK
2026-07-09,2026-09-18,2609,QUADRATIC,90PUT,-0.1,-0.1554031916856765,6957.622892174222,0.2897662285876924,-0.09999999998207813,1.7921872319526244e-11,OK
2026-07-09,2026-09-18,2609,QUADRATIC,ATM,,0.0,8127.4,0.2711718004150076,,,OK
2026-07-09,2026-12-18,2612,QUADRATIC,10CALL,0.1,0.26784764170646674,10321.240371188018,0.2923672302915453,0.10000000003987654,3.9876532631488715e-11,OK
2026-07-09,2026-12-18,2612,QUADRATIC,25CALL,0.25,0.1427401657104492,9107.483769912555,0.2808799636284063,0.24999999996865988,3.134012493966054e-11,OK
2026-07-09,2026-12-18,2612,QUADRATIC,75PUT,-0.25,-0.10467550563812243,7111.2696228838395,0.2714490032364212,-0.24999999995812505,4.1874947953601804e-11,OK
2026-07-09,2026-12-18,2612,QUADRATIC,90PUT,-0.1,-0.21582155585288998,6363.221321890834,0.27295734541065214,-0.09999999998202196,1.7978049604572277e-11,OK
2026-07-09,2026-12-18,2612,QUADRATIC,ATM,,0.0,7896.0,0.2732851246329076,,,OK
2026-07-09,2027-03-19,2703,QUADRATIC,10CALL,0.1,0.3384930536746979,10413.59512123151,0.2910755120529135,0.09999999999400358,5.996425578302933e-12,OK
2026-07-09,2027-03-19,2703,QUADRATIC,25CALL,0.25,0.21681023836135863,9220.500869713806,0.3248946685355447,0.24999999994804256,5.1957438351735163e-11,OK
2026-07-09,2027-03-19,2703,QUADRATIC,75PUT,-0.25,-0.10378061151504503,6691.502985923735,0.21632106962177464,-0.2499999999863031,1.3696904721527403e-11,OK
2026-07-09,2027-03-19,2703,QUADRATIC,90PUT,-0.1,-0.16442454159259787,6297.763563185062,0.1635507981207091,-0.09999999998524596,1.475404520778767e-11,OK
2026-07-09,2027-03-19,2703,QUADRATIC,ATM,,0.0,7423.265999510091,0.2828375128978503,,,OK
2026-07-09,2027-06-18,2706,QUADRATIC,10CALL,0.1,0.4786924200057984,11509.288486363736,0.34248705392381973,0.09999999991872598,8.127402917335047e-11,OK
2026-07-09,2027-06-18,2706,QUADRATIC,25CALL,0.25,0.2554125258922577,9206.175507778788,0.32115119429516414,0.2499999999469424,5.305761385798746e-11,OK
2026-07-09,2027-06-18,2706,QUADRATIC,75PUT,-0.25,-0.19782770442962644,5851.126924688269,0.46634489319526906,-0.2500000000625194,6.25193785630529e-11,OK
2026-07-09,2027-06-18,2706,QUADRATIC,90PUT,-0.1,-0.7669044895172119,3312.0174138129714,1.0063038781639206,-0.09999999996737087,3.262913550461377e-11,OK
2026-07-09,2027-06-18,2706,QUADRATIC,ATM,,0.0,7131.074924199056,0.3719088068788811,,,OK
2026-07-10,2026-07-17,2607,QUADRATIC,10CALL,0.1,0.04853830617666245,8593.345424698806,0.26960016953434185,0.10000000002630856,2.6308552558695908e-11,OK
2026-07-10,2026-07-17,2607,QUADRATIC,25CALL,0.25,0.024662230908870698,8390.600075588407,0.25731963585935513,0.2500000000086242,8.624212455288216e-12,OK
2026-07-10,2026-07-17,2607,QUADRATIC,75PUT,-0.25,-0.023834868460893652,7993.389929024274,0.26232553322142865,-0.24999999995381933,4.618067039885432e-11,OK
2026-07-10,2026-07-17,2607,QUADRATIC,90PUT,-0.1,-0.04907472097873692,7794.16275470961,0.2808117829075849,-0.10000000006744342,6.744341196629478e-11,OK
2026-07-10,2026-07-17,2607,QUADRATIC,ATM,,0.0,8186.2,0.2548493675645994,,,OK
2026-07-10,2026-08-21,2608,QUADRATIC,10CALL,0.1,0.11923006236553191,9124.794272493154,0.2651637133406456,0.10000000009220976,9.220975372148388e-11,OK
2026-07-10,2026-08-21,2608,QUADRATIC,25CALL,0.25,0.06326049947738649,8628.112702425655,0.2600128958969499,0.24999999991774405,8.225595204969238e-11,OK
2026-07-10,2026-08-21,2608,QUADRATIC,75PUT,-0.25,-0.05601240229606634,7658.015591837878,0.2626926737517333,-0.24999999997732467,2.2675333832822275e-11,OK
2026-07-10,2026-08-21,2608,QUADRATIC,90PUT,-0.1,-0.1133307701349257,7231.413495160082,0.27059374664119096,-0.09999999994197317,5.8026833338331585e-11,OK
2026-07-10,2026-08-21,2608,QUADRATIC,ATM,,0.0,8099.2,0.2591191085986443,,,OK
2026-07-10,2026-09-18,2609,QUADRATIC,10CALL,0.1,0.1732412090301514,9536.29280565276,0.2942644907887515,0.09999999997542049,2.4579518975720305e-11,OK
2026-07-10,2026-09-18,2609,QUADRATIC,25CALL,0.25,0.08929000955820082,8768.393564587557,0.27811469642670245,0.250000000018957,1.8957002634323317e-11,OK
2026-07-10,2026-09-18,2609,QUADRATIC,75PUT,-0.25,-0.07377950489521032,7449.032075633364,0.27531058214554416,-0.24999999999640757,3.592431907506466e-12,OK
2026-07-10,2026-09-18,2609,QUADRATIC,90PUT,-0.1,-0.15328067350387567,6879.754255350965,0.28761925692249035,-0.10000000009917392,9.917391907698914e-11,OK
2026-07-10,2026-09-18,2609,QUADRATIC,ATM,,0.0,8019.4,0.2719075448601003,,,OK
2026-07-10,2026-12-18,2612,QUADRATIC,10CALL,0.1,0.2726540000438691,10218.60765520024,0.2981781838569611,0.09999999994419083,5.580917672443064e-11,OK
2026-07-10,2026-12-18,2612,QUADRATIC,25CALL,0.25,0.14636355209350582,9006.25999260303,0.2880950945082261,0.24999999998041825,1.9581752885855508e-11,OK
2026-07-10,2026-12-18,2612,QUADRATIC,75PUT,-0.25,-0.10465868163108814,7006.9159667498025,0.27222076802669776,-0.2499999999849697,1.5030310329677832e-11,OK
2026-07-10,2026-12-18,2612,QUADRATIC,90PUT,-0.1,-0.2109866185188293,6300.126544797001,0.2671685611482108,-0.10000000008396263,8.39626285165096e-11,OK
2026-07-10,2026-12-18,2612,QUADRATIC,ATM,,0.0,7780.0,0.27816524869163156,,,OK
2026-07-10,2027-03-19,2703,QUADRATIC,10CALL,0.1,0.33414504718780513,10245.80580070693,0.2881974600153484,0.09999999995622677,4.377323503668151e-11,OK
2026-07-10,2027-03-19,2703,QUADRATIC,25CALL,0.25,0.22226074600219725,9161.263725622308,0.33250794287523777,0.2499999999887378,1.126221338410005e-11,OK
2026-07-10,2027-03-19,2703,QUADRATIC,75PUT,-0.25,-0.10320748907327638,6616.164989786922,0.21531852646651728,-0.250000000011176,1.1176004566237907e-11,OK
2026-07-10,2027-03-19,2703,QUADRATIC,90PUT,-0.1,-0.159138815820217,6256.272551187533,0.15830022416209086,-0.09999999998494538,1.5054624213917123e-11,OK
2026-07-10,2027-03-19,2703,QUADRATIC,ATM,,0.0,7335.483927078652,0.292137121906867,,,OK
2026-07-10,2027-06-18,2706,QUADRATIC,10CALL,0.1,0.4736257686614991,11315.709878761874,0.3397232666606797,0.1000000000442361,4.423610089343555e-11,OK
2026-07-10,2027-06-18,2706,QUADRATIC,25CALL,0.25,0.26356543076038363,9171.782736877743,0.33019642326345444,0.24999999999699565,3.0043467713625205e-12,OK
2026-07-10,2027-06-18,2706,QUADRATIC,75PUT,-0.25,-0.20068839597702023,5765.4191111735045,0.4814404987349755,-0.25000000000801453,8.014533481315311e-12,OK
2026-07-10,2027-06-18,2706,QUADRATIC,90PUT,-0.1,-0.7570830116271974,3305.1545499553754,0.9752559815747248,-0.09999999993195205,6.804795615877879e-11,OK
2026-07-10,2027-06-18,2706,QUADRATIC,ATM,,0.0,7046.748088066366,0.38694816482942135,,,OK
2026-07-13,2026-07-17,2607,QUADRATIC,10CALL,0.1,0.059955882310867306,8302.133678405771,0.43906046842027135,0.10000000003632033,3.6320321750160645e-11,OK
2026-07-13,2026-07-17,2607,QUADRATIC,25CALL,0.25,0.030811077505350115,8063.661603910503,0.42258583715206793,0.2499999999398579,6.014211351157428e-11,OK
2026-07-13,2026-07-17,2607,QUADRATIC,75PUT,-0.25,-0.029603032469749477,7590.926380091027,0.4339509502934099,-0.25000000005356343,5.3563431468006684e-11,OK
2026-07-13,2026-07-17,2607,QUADRATIC,90PUT,-0.1,-0.06109409981966024,7355.604718164011,0.46422160672257623,-0.10000000005939962,5.939961023049278e-11,OK
2026-07-13,2026-07-17,2607,QUADRATIC,ATM,,0.0,7819.0,0.42070923487042894,,,OK
2026-07-13,2026-08-21,2608,QUADRATIC,10CALL,0.1,0.14282980763912206,8939.884333409716,0.32750893492769234,0.09999999997427292,2.572708712733629e-11,OK
2026-07-13,2026-08-21,2608,QUADRATIC,25CALL,0.25,0.07485507261753081,8352.391591384367,0.3159219586606447,0.24999999996749162,3.250838487289798e-11,OK
2026-07-13,2026-08-21,2608,QUADRATIC,75PUT,-0.25,-0.06045152425765997,7295.380350299218,0.2959657339821661,-0.24999999992394964,7.605036045355007e-11,OK
2026-07-13,2026-08-21,2608,QUADRATIC,90PUT,-0.1,-0.11648329007625569,6897.848513128896,0.28891316220415925,-0.09999999999113691,8.863090816824126e-12,OK
2026-07-13,2026-08-21,2608,QUADRATIC,ATM,,0.0,7750.0,0.3043703204472073,,,OK
2026-07-13,2026-09-18,2609,QUADRATIC,10CALL,0.1,0.19329378914833067,9323.015136890323,0.3338205338450081,0.10000000004537772,4.537771547408198e-11,OK
2026-07-13,2026-09-18,2609,QUADRATIC,25CALL,0.25,0.10124414294958116,8503.14795619184,0.31904723525270745,0.25000000000410855,4.1085468360790856e-12,OK
2026-07-13,2026-09-18,2609,QUADRATIC,75PUT,-0.25,-0.08107965874671931,7085.94072289706,0.31261658936815634,-0.24999999998912942,1.0870582212163526e-11,OK
2026-07-13,2026-09-18,2609,QUADRATIC,90PUT,-0.1,-0.1660834484100341,6508.498935455107,0.3199894870399838,-0.10000000001717908,1.7179077604900783e-11,OK
2026-07-13,2026-09-18,2609,QUADRATIC,ATM,,0.0,7684.4,0.31172984546956195,,,OK
2026-07-13,2026-12-18,2612,QUADRATIC,10CALL,0.1,0.2955152871608734,10024.349473227432,0.32440245807801077,0.1000000000243574,2.4357391104068427e-11,OK
2026-07-13,2026-12-18,2612,QUADRATIC,25CALL,0.25,0.1555488005876541,8715.042835121802,0.30690551460268767,0.24999999994459474,5.54052637102842e-11,OK
2026-07-13,2026-12-18,2612,QUADRATIC,75PUT,-0.25,-0.10383394622802722,6723.896664349944,0.2721772200984065,-0.25000000003925493,3.92549326377889e-11,OK
2026-07-13,2026-12-18,2612,QUADRATIC,90PUT,-0.1,-0.20262314319610591,6091.404324403912,0.25816370471535266,-0.09999999995066203,4.933797814743457e-11,OK
2026-07-13,2026-12-18,2612,QUADRATIC,ATM,,0.0,7459.6,0.28643850957935063,,,OK
2026-07-13,2027-03-19,2703,QUADRATIC,10CALL,0.1,0.3698250207901001,10099.740183872123,0.31820761077906945,0.0999999999115406,8.845940646651229e-11,OK
2026-07-13,2027-03-19,2703,QUADRATIC,25CALL,0.25,0.24149214529991153,8883.332993219889,0.35890869615375115,0.25000000009354856,9.354855778909155e-11,OK
2026-07-13,2027-03-19,2703,QUADRATIC,75PUT,-0.25,-0.10234076589345918,6298.704091419352,0.21442000247879495,-0.2499999999859034,1.4096612765968075e-11,OK
2026-07-13,2027-03-19,2703,QUADRATIC,90PUT,-0.1,-0.15720822370052331,5962.420093746796,0.1571998172892754,-0.10000000000067451,6.74502120823206e-13,OK
2026-07-13,2027-03-19,2703,QUADRATIC,ATM,,0.0,6977.4580788091325,0.2960232480643565,,,OK
2026-07-13,2027-06-18,2706,QUADRATIC,10CALL,0.1,0.5248694610595703,11329.353372314392,0.3740039852124265,0.10000000000361683,3.6168290584726037e-12,OK
2026-07-13,2027-06-18,2706,QUADRATIC,25CALL,0.25,0.27914536166191106,8861.117646314875,0.34790001087675093,0.249999999970612,2.938799203988651e-11,OK
2026-07-13,2027-06-18,2706,QUADRATIC,75PUT,-0.25,-0.18976397514343255,5544.262254870036,0.43224919172895254,-0.24999999998910677,1.089323076186588e-11,OK
2026-07-13,2027-06-18,2706,QUADRATIC,90PUT,-0.1,-0.6043532733917233,3662.6036225522685,0.6534776464235608,-0.10000000004605834,4.6058337699328433e-11,OK
2026-07-13,2027-06-18,2706,QUADRATIC,ATM,,0.0,6702.814683419629,0.37690552441489916,,,OK
2026-07-14,2026-07-17,2607,QUADRATIC,10CALL,0.1,0.0443867456316948,8274.025667052038,0.3770275654278518,0.10000000002312776,2.3127749715357027e-11,OK
2026-07-14,2026-07-17,2607,QUADRATIC,25CALL,0.25,0.022750259548425675,8096.927624322158,0.36323139947677846,0.24999999987865418,1.2134582227929513e-10,OK
2026-07-14,2026-07-17,2607,QUADRATIC,75PUT,-0.25,-0.022120342075824757,7741.6441108004,0.3710510147702945,-0.24999999994211491,5.788508561366257e-11,OK
2026-07-14,2026-07-17,2607,QUADRATIC,90PUT,-0.1,-0.04515448725223545,7565.360027246571,0.394159729245701,-0.09999999997691753,2.3082480371527936e-11,OK
2026-07-14,2026-07-17,2607,QUADRATIC,ATM,,0.0,7914.8,0.3610526030823553,,,OK
2026-07-14,2026-08-21,2608,QUADRATIC,10CALL,0.1,0.12537709951400758,8903.558104220707,0.29262865527389803,0.10000000000232216,2.3221563560937852e-12,OK
2026-07-14,2026-08-21,2608,QUADRATIC,25CALL,0.25,0.06618769729137419,8391.85490792998,0.2851933269307136,0.2500000000983029,9.830292135859509e-11,OK
2026-07-14,2026-08-21,2608,QUADRATIC,75PUT,-0.25,-0.059405313372612054,7401.395555044257,0.29420255854224114,-0.25000000002533607,2.533606657806331e-11,OK
2026-07-14,2026-08-21,2608,QUADRATIC,90PUT,-0.1,-0.12381657600402823,6939.691411425364,0.31189397682611475,-0.10000000008437934,8.437933685101484e-11,OK
2026-07-14,2026-08-21,2608,QUADRATIC,ATM,,0.0,7854.4,0.2857418246447323,,,OK
2026-07-14,2026-09-18,2609,QUADRATIC,10CALL,0.1,0.1770370259284973,9296.343152638823,0.30936016067356575,0.10000000007993258,7.993257444827151e-11,OK
2026-07-14,2026-09-18,2609,QUADRATIC,25CALL,0.25,0.0930366875529289,8547.34556970862,0.29743404794203,0.2500000000141133,1.4113321622488684e-11,OK
2026-07-14,2026-09-18,2609,QUADRATIC,75PUT,-0.25,-0.07820665884017952,7202.134415371459,0.3024703230942176,-0.24999999996733457,3.2665425919731206e-11,OK
2026-07-14,2026-09-18,2609,QUADRATIC,90PUT,-0.1,-0.16493949723243706,6603.795703266523,0.3200451572067682,-0.10000000007174605,7.174603966486615e-11,OK
2026-07-14,2026-09-18,2609,QUADRATIC,ATM,,0.0,7788.0,0.2952846281576837,,,OK
2026-07-14,2026-12-18,2612,QUADRATIC,10CALL,0.1,0.2793565208911896,10000.922566930318,0.3088472810034776,0.09999999991324464,8.675536677937856e-11,OK
2026-07-14,2026-12-18,2612,QUADRATIC,25CALL,0.25,0.15042970728874205,8791.193940040375,0.29888150677908076,0.24999999994345562,5.654438028912523e-11,OK
2026-07-14,2026-12-18,2612,QUADRATIC,75PUT,-0.25,-0.10435818290710436,6813.886359744578,0.2746565088056083,-0.25000000000494776,4.947764420393241e-12,OK
2026-07-14,2026-12-18,2612,QUADRATIC,90PUT,-0.1,-0.20578698992729183,6156.656379317275,0.2633384743807679,-0.09999999993062933,6.93706758703172e-11,OK
2026-07-14,2026-12-18,2612,QUADRATIC,ATM,,0.0,7563.4,0.2853062532328851,,,OK
2026-07-14,2027-03-19,2703,QUADRATIC,10CALL,0.1,0.3521751370429992,10555.310622488738,0.30487425509187144,0.10000000001640631,1.6406306868610443e-11,OK
2026-07-14,2027-03-19,2703,QUADRATIC,25CALL,0.25,0.1889100984334946,8965.322424341808,0.29137622150932985,0.25000000004543865,4.5438652840346094e-11,OK
2026-07-14,2027-03-19,2703,QUADRATIC,75PUT,-0.25,-0.12257123959064473,6565.854985560837,0.2673091225154655,-0.2500000000255719,2.5571877948493693e-11,OK
2026-07-14,2027-03-19,2703,QUADRATIC,90PUT,-0.1,-0.24885204243659972,5786.930022505921,0.25818167796532904,-0.099999999996695,3.3050090442188207e-12,OK
2026-07-14,2027-03-19,2703,QUADRATIC,ATM,,0.0,7422.040154081736,0.2765159684088454,,,OK
2026-07-14,2027-06-18,2706,QUADRATIC,10CALL,0.1,0.4143100309371949,10964.896539820535,0.3028498267533755,0.10000000000628807,6.288067289084154e-12,OK
2026-07-14,2027-06-18,2706,QUADRATIC,25CALL,0.25,0.22262691950798036,9052.272533860982,0.2879497948994657,0.24999999990272012,9.727987859697862e-11,OK
2026-07-14,2027-06-18,2706,QUADRATIC,75PUT,-0.25,-0.13688487279415124,6318.640299961153,0.26512303082782407,-0.2500000000059038,5.903777466897964e-12,OK
2026-07-14,2027-06-18,2706,QUADRATIC,90PUT,-0.1,-0.285404242515564,5446.56248445459,0.25764211375157353,-0.10000000008351441,8.35144037258928e-11,OK
2026-07-14,2027-06-18,2706,QUADRATIC,ATM,,0.0,7245.5603472340745,0.27302713752854907,,,OK
2026-07-15,2026-07-17,2607,QUADRATIC,10CALL,0.1,0.039018120646476744,8146.749362426602,0.40654438884896305,0.09999999997417353,2.5826479843615857e-11,OK
2026-07-15,2026-07-17,2607,QUADRATIC,25CALL,0.25,0.02000736495852471,7993.336369483677,0.3923164709284285,0.24999999994024627,5.975372974198478e-11,OK
2026-07-15,2026-07-17,2607,QUADRATIC,75PUT,-0.25,-0.019294072657823576,7685.279940135078,0.39503937388590304,-0.25000000008563583,8.563583175913436e-11,OK
2026-07-15,2026-07-17,2607,QUADRATIC,90PUT,-0.1,-0.038645163655281096,7537.9910848711625,0.41229574035632033,-0.09999999995215679,4.784321550044268e-11,OK
2026-07-15,2026-07-17,2607,QUADRATIC,ATM,,0.0,7835.0,0.38828952436981934,,,OK
2026-07-15,2026-08-21,2608,QUADRATIC,10CALL,0.1,0.12641908621788028,8828.868263904978,0.2989310005585832,0.09999999996392714,3.6072866915759505e-11,OK
2026-07-15,2026-08-21,2608,QUADRATIC,25CALL,0.25,0.06735812872648239,8322.526540576708,0.2938080495209015,0.25000000008231676,8.231676451586623e-11,OK
2026-07-15,2026-08-21,2608,QUADRATIC,75PUT,-0.25,-0.061319151461124474,7317.645324837106,0.3085580666998226,-0.24999999992283758,7.716241534616586e-11,OK
2026-07-15,2026-08-21,2608,QUADRATIC,90PUT,-0.1,-0.12929655587673172,6836.741265071352,0.33068877754005194,-0.09999999999608378,3.916228452638393e-12,OK
2026-07-15,2026-08-21,2608,QUADRATIC,ATM,,0.0,7780.4,0.29709896954816817,,,OK
2026-07-15,2026-09-18,2609,QUADRATIC,10CALL,0.1,0.1767804424762726,9216.62785628791,0.311294829462228,0.09999999990132273,9.867727468471088e-11,OK
2026-07-15,2026-09-18,2609,QUADRATIC,25CALL,0.25,0.09391558790206908,8483.680474174846,0.30230643722313455,0.2500000000667937,6.679368169670852e-11,OK
2026-07-15,2026-09-18,2609,QUADRATIC,75PUT,-0.25,-0.07973448687791831,7131.3053702202815,0.31144530576599183,-0.24999999996562014,3.437986006993299e-11,OK
2026-07-15,2026-09-18,2609,QUADRATIC,90PUT,-0.1,-0.1689817360639572,6522.43028679278,0.330877552545648,-0.09999999999595305,4.046957213788005e-12,OK
2026-07-15,2026-09-18,2609,QUADRATIC,ATM,,0.0,7723.2,0.30254616397814454,,,OK
2026-07-15,2026-12-18,2612,QUADRATIC,10CALL,0.1,0.2773070228099824,9895.730198204736,0.3077121228966515,0.10000000007184355,7.184354500200385e-11,OK
2026-07-15,2026-12-18,2612,QUADRATIC,25CALL,0.25,0.14877800345420839,8702.186810815458,0.2969042060167068,0.25000000005928297,5.92829674239681e-11,OK
2026-07-15,2026-12-18,2612,QUADRATIC,75PUT,-0.25,-0.10635761058330523,6742.5536811078555,0.28179374297745874,-0.24999999992564084,7.435915772013857e-11,OK
2026-07-15,2026-12-18,2612,QUADRATIC,90PUT,-0.1,-0.2156641855239868,6044.399631925365,0.27790167746852346,-0.09999999992103953,7.896047704569753e-11,OK
2026-07-15,2026-12-18,2612,QUADRATIC,ATM,,0.0,7499.2,0.2870673137172344,,,OK
2026-07-15,2027-03-19,2703,QUADRATIC,10CALL,0.1,0.34563515496253966,10347.271918922845,0.3002725977229641,0.10000000001189893,1.1898926288722578e-11,OK
2026-07-15,2027-03-19,2703,QUADRATIC,25CALL,0.25,0.19106921434402466,8865.407995392547,0.2948460931374023,0.25000000005066453,5.066452812840794e-11,OK
2026-07-15,2027-03-19,2703,QUADRATIC,75PUT,-0.25,-0.12193950808048237,6482.772275779888,0.2661116772235517,-0.2500000000230403,2.304029189659218e-11,OK
2026-07-15,2027-03-19,2703,QUADRATIC,90PUT,-0.1,-0.24037814700603485,5758.687592868156,0.2490431325253576,-0.1000000000140675,1.406749716714728e-11,OK
2026-07-15,2027-03-19,2703,QUADRATIC,ATM,,0.0,7323.495543767436,0.2801307597927675,,,OK
2026-07-15,2027-06-18,2706,QUADRATIC,10CALL,0.1,0.400449492931366,10670.38538109185,0.2940660926337277,0.09999999996144361,3.8556394188482557e-11,OK
2026-07-15,2027-06-18,2706,QUADRATIC,25CALL,0.25,0.2258067033290863,8960.530145397208,0.2918706351003915,0.2499999999037594,9.624059882362701e-11,OK
2026-07-15,2027-06-18,2706,QUADRATIC,75PUT,-0.25,-0.13577191245555867,6241.688741793856,0.262668747553227,-0.25000000000776673,7.766731702218976e-12,OK
2026-07-15,2027-06-18,2706,QUADRATIC,90PUT,-0.1,-0.2707302780151367,5453.6898261067845,0.24324734375103202,-0.09999999997314478,2.6855226376021335e-11,OK
2026-07-15,2027-06-18,2706,QUADRATIC,ATM,,0.0,7149.358911226718,0.2775327799515641,,,OK
2026-07-16,2026-07-17,2607,QUADRATIC,10CALL,0.1,0.03450265735387803,7923.727083338073,0.5090718986087659,0.09999999997963482,2.036518176318225e-11,OK
2026-07-16,2026-07-17,2607,QUADRATIC,25CALL,0.25,0.0174408583343029,7789.6808312410785,0.484913069886851,0.24999999998019193,1.9808071849425346e-11,OK
2026-07-16,2026-07-17,2607,QUADRATIC,75PUT,-0.25,-0.016145871847867976,7532.3957903870905,0.4657731379292183,-0.24999999990159802,9.840198100796727e-11,OK
2026-07-16,2026-07-17,2607,QUADRATIC,90PUT,-0.1,-0.031185995936393762,7419.955302009846,0.4694197052429959,-0.09999999992557379,7.442621519082593e-11,OK
2026-07-16,2026-07-17,2607,QUADRATIC,ATM,,0.0,7655.0,0.4702699680739574,,,OK
2026-07-16,2026-08-21,2608,QUADRATIC,10CALL,0.1,0.13748015284538273,8719.62094332291,0.32857315705947043,0.09999999998699009,1.3009912591677164e-11,OK
2026-07-16,2026-08-21,2608,QUADRATIC,25CALL,0.25,0.07314126676321034,8176.276742907295,0.3217438827831426,0.24999999996069902,3.9300979137735226e-11,OK
2026-07-16,2026-08-21,2608,QUADRATIC,75PUT,-0.25,-0.06393398511409767,7128.9333946249035,0.3273321538503256,-0.24999999995028852,4.971148492849409e-11,OK
2026-07-16,2026-08-21,2608,QUADRATIC,90PUT,-0.1,-0.13107747948169698,6665.987700981392,0.34007107956891985,-0.09999999998721214,1.2787867986752133e-11,OK
2026-07-16,2026-08-21,2608,QUADRATIC,ATM,,0.0,7599.6,0.3213148279229224,,,OK
2026-07-16,2026-09-18,2609,QUADRATIC,10CALL,0.1,0.1891182861328125,9124.929386497975,0.33452361981449374,0.09999999996827375,3.172626050762517e-11,OK
2026-07-16,2026-09-18,2609,QUADRATIC,25CALL,0.25,0.09919263130426408,8340.177558600524,0.32033534387490226,0.25000000000777806,7.778055977070153e-12,OK
2026-07-16,2026-09-18,2609,QUADRATIC,75PUT,-0.25,-0.08126279425621026,6963.12996298423,0.3206143590594159,-0.24999999998208353,1.7916473860069004e-11,OK
2026-07-16,2026-09-18,2609,QUADRATIC,90PUT,-0.1,-0.16960097980499256,6374.405903122595,0.33474270563841596,-0.09999999998125188,1.87481280500279e-11,OK
2026-07-16,2026-09-18,2609,QUADRATIC,ATM,,0.0,7552.6,0.3157389041766959,,,OK
2026-07-16,2026-12-18,2612,QUADRATIC,10CALL,0.1,0.29014519882202144,9820.158526460542,0.32197898949073156,0.1000000000550502,5.505020050922127e-11,OK
2026-07-16,2026-12-18,2612,QUADRATIC,25CALL,0.25,0.15351313865184782,8566.037057425423,0.3062369742360828,0.24999999996379602,3.6203984254967736e-11,OK
2026-07-16,2026-12-18,2612,QUADRATIC,75PUT,-0.25,-0.10662005805969224,6603.976770606676,0.283512809979594,-0.2500000000013513,1.3513079544225093e-12,OK
2026-07-16,2026-12-18,2612,QUADRATIC,90PUT,-0.1,-0.2143034961223602,5929.788643778101,0.27688707734762597,-0.09999999998095517,1.9044835153358974e-11,OK
2026-07-16,2026-12-18,2612,QUADRATIC,ATM,,0.0,7347.0,0.29167745348004626,,,OK
2026-07-16,2027-03-19,2703,QUADRATIC,10CALL,0.1,0.36276626443862914,10278.250385315587,0.31453066619898196,0.10000000002487737,2.487736405765162e-11,OK
2026-07-16,2027-03-19,2703,QUADRATIC,25CALL,0.25,0.20024402523040774,8736.48391223833,0.30766048034340104,0.24999999999403008,5.969919003590007e-12,OK
2026-07-16,2027-03-19,2703,QUADRATIC,75PUT,-0.25,-0.1192150715589522,6347.421792723482,0.2592685462305528,-0.24999999991169583,8.830416953209408e-11,OK
2026-07-16,2027-03-19,2703,QUADRATIC,90PUT,-0.1,-0.2256337418556213,5706.637912108827,0.23287912962984414,-0.10000000003081216,3.081215838030005e-11,OK
2026-07-16,2027-03-19,2703,QUADRATIC,ATM,,0.0,7151.082795159027,0.28273634887417304,,,OK
2026-07-16,2027-06-18,2706,QUADRATIC,10CALL,0.1,0.46989443206787107,11168.453584114995,0.34027967124060643,0.10000000007197572,7.197571705308548e-11,OK
2026-07-16,2027-06-18,2706,QUADRATIC,25CALL,0.25,0.23076716947555545,8793.087462907326,0.2977444266709269,0.24999999990069408,9.930592459461707e-11,OK
2026-07-16,2027-06-18,2706,QUADRATIC,75PUT,-0.25,-0.156246699810028,5971.224575778188,0.31850440059083457,-0.25000000002650924,2.6509239248184713e-11,OK
2026-07-16,2027-06-18,2706,QUADRATIC,90PUT,-0.1,-0.40851012325286856,4639.880467065348,0.39166508544185136,-0.09999999999826348,1.736527588391823e-12,OK
2026-07-16,2027-06-18,2706,QUADRATIC,ATM,,0.0,6981.04575894773,0.29679101580393236,,,OK
2026-07-17,2026-08-21,2608,QUADRATIC,10CALL,0.1,0.16656316304206845,8408.99810028099,0.40058498977291457,0.09999999997480935,2.519065511741303e-11,OK
2026-07-17,2026-08-21,2608,QUADRATIC,25CALL,0.25,0.08600062030553819,7758.118102340682,0.3793562415373551,0.24999999996143532,3.856467922780382e-11,OK
2026-07-17,2026-08-21,2608,QUADRATIC,75PUT,-0.25,-0.06849201726913456,6647.541949111452,0.3579377326189534,-0.24999999993575606,6.424394349835438e-11,OK
2026-07-17,2026-08-21,2608,QUADRATIC,90PUT,-0.1,-0.13530296051502216,6217.924761051642,0.35652973783709996,-0.10000000007144734,7.144733416009075e-11,OK
2026-07-17,2026-08-21,2608,QUADRATIC,ATM,,0.0,7118.8,0.3643041683230445,,,OK
2026-07-17,2026-09-18,2609,QUADRATIC,10CALL,0.1,0.22500437521934508,8847.949166072429,0.39745381487251774,0.10000000001846665,1.8466644879922e-11,OK
2026-07-17,2026-09-18,2609,QUADRATIC,25CALL,0.25,0.11383254182338716,7917.0120333206205,0.36606224668131165,0.2500000000491261,4.912609208318486e-11,OK
2026-07-17,2026-09-18,2609,QUADRATIC,75PUT,-0.25,-0.08328133904933915,6500.6357853554855,0.33218860850322246,-0.25000000005351436,5.351435961031825e-11,OK
2026-07-17,2026-09-18,2609,QUADRATIC,90PUT,-0.1,-0.16436191773414605,5994.362274344578,0.3263415502199647,-0.09999999994405478,5.594522067831065e-11,OK
2026-07-17,2026-09-18,2609,QUADRATIC,ATM,,0.0,7065.2,0.34310167950551884,,,OK
2026-07-17,2026-12-18,2612,QUADRATIC,10CALL,0.1,0.33035311937332157,9553.760192269476,0.3642532741056799,0.1000000000729054,7.290539005833097e-11,OK
2026-07-17,2026-12-18,2612,QUADRATIC,25CALL,0.25,0.16788482308387753,8121.107350739467,0.3324396773072405,0.2500000000916332,9.163320102700823e-11,OK
2026-07-17,2026-12-18,2612,QUADRATIC,75PUT,-0.25,-0.10190140640735615,6200.812231976653,0.2695746675769337,-0.24999999993416863,6.583136813453905e-11,OK
2026-07-17,2026-12-18,2612,QUADRATIC,90PUT,-0.1,-0.191400927901268,5669.952652264912,0.24595205713969964,-0.09999999994900145,5.0998552603154224e-11,OK
2026-07-17,2026-12-18,2612,QUADRATIC,ATM,,0.0,6866.0,0.29479195624119464,,,OK
2026-07-17,2027-03-19,2703,QUADRATIC,10CALL,0.1,0.40038887357711794,10026.42831329527,0.34486669356228394,0.09999999990333527,9.666473177460944e-11,OK
2026-07-17,2027-03-19,2703,QUADRATIC,25CALL,0.25,0.20652478563785556,8259.469417055607,0.31658678670891466,0.2499999999797622,2.023781142668213e-11,OK
2026-07-17,2027-03-19,2703,QUADRATIC,75PUT,-0.25,-0.11762172544002522,5972.788114082256,0.25550862391286916,-0.25000000007555984,7.555983616569506e-11,OK
2026-07-17,2027-03-19,2703,QUADRATIC,90PUT,-0.1,-0.22414023542404177,5369.288096157269,0.2316692228944831,-0.09999999996651246,3.3487546069466134e-11,OK
2026-07-17,2027-03-19,2703,QUADRATIC,ATM,,0.0,6718.302810049557,0.2796672934759842,,,OK
2026-07-17,2027-06-18,2706,QUADRATIC,10CALL,0.1,0.4979651584625244,10791.250487029982,0.358960046007079,0.09999999994866557,5.133443670146676e-11,OK
2026-07-17,2027-06-18,2706,QUADRATIC,25CALL,0.25,0.23476678180694577,8294.04086646137,0.30255679621437936,0.25000000003205003,3.205002929718148e-11,OK
2026-07-17,2027-06-18,2706,QUADRATIC,75PUT,-0.25,-0.1499809993505477,5645.109007610351,0.3011125002824758,-0.2499999999796824,2.0317608706577062e-11,OK
2026-07-17,2027-06-18,2706,QUADRATIC,90PUT,-0.1,-0.3640669031143187,4557.178145001147,0.3419671297071511,-0.09999999999341917,6.5808331006778076e-12,OK
2026-07-17,2027-06-18,2706,QUADRATIC,ATM,,0.0,6558.556330961916,0.29023409004925316,,,OK
2026-07-20,2026-08-21,2608,QUADRATIC,10CALL,0.1,0.18152314114570617,8285.382179681928,0.45475014898832966,0.1000000000579726,5.7972598943578646e-11,OK
2026-07-20,2026-08-21,2608,QUADRATIC,25CALL,0.25,0.09867647755146028,7626.630344658218,0.4502817841149189,0.25000000007919904,7.919903621811386e-11,OK
2026-07-20,2026-08-21,2608,QUADRATIC,75PUT,-0.25,-0.08287284493446337,6360.435137420917,0.4626544441823628,-0.25000000009603346,9.603345896280757e-11,OK
2026-07-20,2026-08-21,2608,QUADRATIC,90PUT,-0.1,-0.1718800497055053,5818.77400839144,0.4798400288632315,-0.09999999994810374,5.189626506307832e-11,OK
2026-07-20,2026-08-21,2608,QUADRATIC,ATM,,0.0,6910.0,0.4532305906092736,,,OK
2026-07-20,2026-09-18,2609,QUADRATIC,10CALL,0.1,0.2373399624824524,8684.670128747097,0.4282389066322649,0.09999999991761735,8.238265625237773e-11,OK
2026-07-20,2026-09-18,2609,QUADRATIC,25CALL,0.25,0.1261915693283081,7771.0945570837375,0.4116942436658611,0.25000000006400225,6.400224794589349e-11,OK
2026-07-20,2026-09-18,2609,QUADRATIC,75PUT,-0.25,-0.09488375818729386,6229.7468414990135,0.3949961792711584,-0.2499999999645358,3.546418714250876e-11,OK
2026-07-20,2026-09-18,2609,QUADRATIC,90PUT,-0.1,-0.1919549887180328,5653.441450714655,0.39448005272806386,-0.10000000000219102,2.1910112613099386e-12,OK
2026-07-20,2026-09-18,2609,QUADRATIC,ATM,,0.0,6849.8,0.3995203275517996,,,OK
2026-07-20,2026-10-16,2610,QUADRATIC,10CALL,0.1,0.25498784589767465,8781.67961071178,0.3783966673050696,0.09999999990113938,9.886062801722773e-11,OK
2026-07-20,2026-10-16,2610,QUADRATIC,25CALL,0.25,0.13321365559101106,7774.844817253422,0.35727929117546653,0.2500000000288977,2.8897717552212043e-11,OK
2026-07-20,2026-10-16,2610,QUADRATIC,75PUT,-0.25,-0.10857026624679553,6105.00896989954,0.3827687695513821,-0.2499999999386205,6.137951258367025e-11,OK
2026-07-20,2026-10-16,2610,QUADRATIC,90PUT,-0.1,-0.25367873573303223,5280.396065691058,0.44112500081707173,-0.10000000007316757,7.31675692255962e-11,OK
2026-07-20,2026-10-16,2610,QUADRATIC,ATM,,0.0,6805.151120149421,0.36023035092041045,,,OK
2026-07-20,2026-12-18,2612,QUADRATIC,10CALL,0.1,0.34040629649162296,9347.541547711546,0.3781338740944905,0.09999999999424806,5.751940590492666e-12,OK
2026-07-20,2026-12-18,2612,QUADRATIC,25CALL,0.25,0.17876607561111446,7952.39508440567,0.3546629441468395,0.2499999999183116,8.1688406039504e-11,OK
2026-07-20,2026-12-18,2612,QUADRATIC,75PUT,-0.25,-0.11335853922367083,5937.858443308461,0.3090911826317297,-0.25000000000454925,4.5492498657040414e-12,OK
2026-07-20,2026-12-18,2612,QUADRATIC,90PUT,-0.1,-0.22178878629207607,5327.6928849839005,0.29114256938573957,-0.10000000001503141,1.503140667491465e-11,OK
2026-07-20,2026-12-18,2612,QUADRATIC,ATM,,0.0,6650.6,0.3272573926685597,,,OK
2026-07-20,2027-03-19,2703,QUADRATIC,10CALL,0.1,0.4047245907783509,9727.493954379592,0.35039577304995634,0.10000000007240963,7.24096199666846e-11,OK
2026-07-20,2027-03-19,2703,QUADRATIC,25CALL,0.25,0.2080742233991623,7990.920318995857,0.32056264369534093,0.2499999999910066,8.993389366551696e-12,OK
2026-07-20,2027-03-19,2703,QUADRATIC,75PUT,-0.25,-0.12724823212623587,5714.366722947411,0.2835060768612235,-0.2499999999471791,5.2820886553561763e-11,OK
2026-07-20,2027-03-19,2703,QUADRATIC,90PUT,-0.1,-0.2594936792850494,5006.50483702931,0.273680030598336,-0.09999999999853369,1.4663131819858677e-12,OK
2026-07-20,2027-03-19,2703,QUADRATIC,ATM,,0.0,6489.8,0.29551791389866117,,,OK
2026-07-20,2027-06-18,2706,QUADRATIC,10CALL,0.1,0.4680856156349183,10185.599608174129,0.3411136935401588,0.09999999999958242,4.17582635137137e-13,OK
2026-07-20,2027-06-18,2706,QUADRATIC,25CALL,0.25,0.23020676362514497,8029.289694956092,0.29886834125838035,0.24999999999697245,3.0275504325771863e-12,OK
2026-07-20,2027-06-18,2706,QUADRATIC,75PUT,-0.25,-0.15230887699127194,5477.125540901841,0.3089433151027003,-0.25000000009784173,9.78417347141658e-11,OK
2026-07-20,2027-06-18,2706,QUADRATIC,90PUT,-0.1,-0.3791919288635253,4365.345659907735,0.36036746697864225,-0.099999999956104,4.389601182541725e-11,OK
2026-07-20,2027-06-18,2706,QUADRATIC,ATM,,0.0,6378.221546319765,0.29340624700237106,,,OK
2026-07-21,2026-08-21,2608,QUADRATIC,10CALL,0.1,0.1355915267467499,8268.445143177334,0.349366157872033,0.10000000000276318,2.763178574838321e-12,OK
2026-07-21,2026-08-21,2608,QUADRATIC,25CALL,0.25,0.07260842663049698,7763.733809833119,0.3442873139603402,0.25000000003159223,3.15922288329773e-11,OK
2026-07-21,2026-08-21,2608,QUADRATIC,75PUT,-0.25,-0.06889819139242177,6739.304714468407,0.3827211602273971,-0.2500000000163397,1.633970736492074e-11,OK
2026-07-21,2026-08-21,2608,QUADRATIC,90PUT,-0.1,-0.1563384133577346,6175.0472823595455,0.4409542381044614,-0.1000000000156496,1.5649592732813744e-11,OK
2026-07-21,2026-08-21,2608,QUADRATIC,ATM,,0.0,7220.0,0.3553909093045409,,,OK
2026-07-21,2026-09-18,2609,QUADRATIC,10CALL,0.1,0.19498203492164617,8706.817611541377,0.35863566789077117,0.09999999991820487,8.17951401055339e-11,OK
2026-07-21,2026-09-18,2609,QUADRATIC,25CALL,0.25,0.10293530321121216,7941.1620668792575,0.3450726557764364,0.25000000002812894,2.8128943618810354e-11,OK
2026-07-21,2026-09-18,2609,QUADRATIC,75PUT,-0.25,-0.08678850060701354,6568.830540718064,0.3595999165941393,-0.24999999999106362,8.936379414237194e-12,OK
2026-07-21,2026-09-18,2609,QUADRATIC,90PUT,-0.1,-0.18894064044952386,5930.945696385382,0.3911159968740656,-0.09999999998732215,1.2677858762799588e-11,OK
2026-07-21,2026-09-18,2609,QUADRATIC,ATM,,0.0,7164.4,0.345855042459894,,,OK
2026-07-21,2026-10-16,2610,QUADRATIC,10CALL,0.1,0.24882645201683046,9099.142310615522,0.3719340207033025,0.09999999996002848,3.9971526089033205e-11,OK
2026-07-21,2026-10-16,2610,QUADRATIC,25CALL,0.25,0.12318628764152528,8024.826052857943,0.33489518444783867,0.25000000009292084,9.292083769096848e-11,OK
2026-07-21,2026-10-16,2610,QUADRATIC,75PUT,-0.25,-0.09415008258819567,6457.250596194962,0.32565193938156367,-0.25000000008919887,8.919887051206388e-11,OK
2026-07-21,2026-10-16,2610,QUADRATIC,90PUT,-0.1,-0.20239855337142942,5794.76632319182,0.34697140787094016,-0.10000000008108305,8.108304305753933e-11,OK
2026-07-21,2026-10-16,2610,QUADRATIC,ATM,,0.0,7094.740291365213,0.32112537736960495,,,OK
2026-07-21,2026-12-18,2612,QUADRATIC,10CALL,0.1,0.29642341971397407,9376.808736573745,0.33384856348574066,0.09999999997986711,2.013289535085505e-11,OK
2026-07-21,2026-12-18,2612,QUADRATIC,25CALL,0.25,0.15590447115898132,8147.576626490877,0.3155260737348101,0.25000000007929757,7.929756851154934e-11,OK
2026-07-21,2026-12-18,2612,QUADRATIC,75PUT,-0.25,-0.10979002285003649,6246.529581588555,0.29836944040131075,-0.2500000000156733,1.567329599438949e-11,OK
2026-07-21,2026-12-18,2612,QUADRATIC,90PUT,-0.1,-0.22594238555431365,5561.532389327494,0.29805558563306045,-0.09999999999529788,4.7021275761949255e-12,OK
2026-07-21,2026-12-18,2612,QUADRATIC,ATM,,0.0,6971.4,0.30268545808635244,,,OK
2026-07-21,2027-03-19,2703,QUADRATIC,10CALL,0.1,0.3671348133087158,9817.006583083792,0.3212535862140613,0.0999999999693052,3.069480780659717e-11,OK
2026-07-21,2027-03-19,2703,QUADRATIC,25CALL,0.25,0.18720951223373414,8200.465707172783,0.2931930802705507,0.2500000000101593,1.015931783143742e-11,OK
2026-07-21,2027-03-19,2703,QUADRATIC,75PUT,-0.25,-0.1275840561389922,5985.844176942027,0.28502154844459787,-0.24999999996085032,3.914968349505443e-11,OK
2026-07-21,2027-03-19,2703,QUADRATIC,90PUT,-0.1,-0.2812760396003724,5133.0775643373045,0.29995215392466845,-0.09999999991849041,8.150959074360031e-11,OK
2026-07-21,2027-03-19,2703,QUADRATIC,ATM,,0.0,6800.4,0.2820571393969762,,,OK
2026-07-21,2027-06-18,2706,QUADRATIC,10CALL,0.1,0.4086349368095399,10006.131981506716,0.30218853461847334,0.10000000002461228,2.4612270554946747e-11,OK
2026-07-21,2027-06-18,2706,QUADRATIC,25CALL,0.25,0.2241892158985138,8320.749894354656,0.2926381370441699,0.2500000000824615,8.246148208712611e-11,OK
2026-07-21,2027-06-18,2706,QUADRATIC,75PUT,-0.25,-0.12834849298000323,5848.672271960874,0.24636950308399636,-0.25000000005703765,5.7037652378966186e-11,OK
2026-07-21,2027-06-18,2706,QUADRATIC,90PUT,-0.1,-0.24765976226329806,5190.880853889326,0.22237944861169745,-0.10000000001616582,1.6165818683688826e-11,OK
2026-07-21,2027-06-18,2706,QUADRATIC,ATM,,0.0,6649.642982643268,0.26747271349202806,,,OK
2026-07-22,2026-08-21,2608,QUADRATIC,10CALL,0.1,0.12102752161026001,8003.525245450758,0.3182532137880431,0.10000000001849645,1.8496440490345378e-11,OK
2026-07-22,2026-08-21,2608,QUADRATIC,25CALL,0.25,0.06451325672864913,7563.7555704389915,0.3132253881290018,0.24999999999907227,9.277301149523964e-13,OK
2026-07-22,2026-08-21,2608,QUADRATIC,75PUT,-0.25,-0.06327190196514135,6656.425819283959,0.35441034472233673,-0.24999999990520902,9.479098062037394e-11,OK
2026-07-22,2026-08-21,2608,QUADRATIC,90PUT,-0.1,-0.1474192745685577,6119.224079690745,0.4213265007787146,-0.09999999998855152,1.1448481052056536e-11,OK
2026-07-22,2026-08-21,2608,QUADRATIC,ATM,,0.0,7091.2,0.32490920525842276,,,OK
2026-07-22,2026-09-18,2609,QUADRATIC,10CALL,0.1,0.16998625564575198,8331.156231811128,0.3174112622210678,0.10000000008043465,8.043464505558262e-11,OK
2026-07-22,2026-09-18,2609,QUADRATIC,25CALL,0.25,0.08931231987476348,7685.445259693139,0.3054546401380815,0.24999999992689947,7.310052563269664e-11,OK
2026-07-22,2026-09-18,2609,QUADRATIC,75PUT,-0.25,-0.08124436593055717,6480.331252747659,0.33658247044379164,-0.24999999993830455,6.169545430090295e-11,OK
2026-07-22,2026-09-18,2609,QUADRATIC,90PUT,-0.1,-0.18973171496391295,5814.089984781224,0.39623281854880055,-0.0999999999686177,3.138229953680849e-11,OK
2026-07-22,2026-09-18,2609,QUADRATIC,ATM,,0.0,7028.8,0.3122029268048949,,,OK
2026-07-22,2026-10-16,2610,QUADRATIC,10CALL,0.1,0.20413019776344304,8582.493467641332,0.31038962966011313,0.10000000001649553,1.6495527166426882e-11,OK
2026-07-22,2026-10-16,2610,QUADRATIC,25CALL,0.25,0.10538852643966676,7775.539260316986,0.2923481086311192,0.2499999999119537,8.804629247904927e-11,OK
2026-07-22,2026-10-16,2610,QUADRATIC,75PUT,-0.25,-0.09020101279020294,6394.212437994303,0.3117691568613817,-0.24999999999044584,9.554163016289863e-12,OK
2026-07-22,2026-10-16,2610,QUADRATIC,90PUT,-0.1,-0.20758819293975822,5685.994776228827,0.35862649585197004,-0.10000000000030823,3.082256672115591e-13,OK
2026-07-22,2026-10-16,2610,QUADRATIC,ATM,,0.0,6997.789317990064,0.2937044695251551,,,OK
2026-07-22,2026-12-18,2612,QUADRATIC,10CALL,0.1,0.27767818212509165,9013.378621396809,0.3152150422446236,0.10000000004928432,4.928431274198175e-11,OK
2026-07-22,2026-12-18,2612,QUADRATIC,25CALL,0.25,0.14334008646011354,7880.346629301083,0.2938283719500788,0.24999999991377922,8.622078051523374e-11,OK
2026-07-22,2026-12-18,2612,QUADRATIC,75PUT,-0.25,-0.1054971749782561,6144.360258524652,0.285433632809772,-0.24999999998796216,1.20378429446788e-11,OK
2026-07-22,2026-12-18,2612,QUADRATIC,90PUT,-0.1,-0.2235702629089355,5460.069627818745,0.295635490934811,-0.09999999990875423,9.124577482477747e-11,OK
2026-07-22,2026-12-18,2612,QUADRATIC,ATM,,0.0,6828.0,0.28404122868522524,,,OK
2026-07-22,2027-03-19,2703,QUADRATIC,10CALL,0.1,0.3491375308036805,9445.961457237356,0.3074212383967782,0.10000000003593995,3.593994546413626e-11,OK
2026-07-22,2027-03-19,2703,QUADRATIC,25CALL,0.25,0.17617903923988343,7945.683296098142,0.2786582244378358,0.25000000000433714,4.337141756849405e-12,OK
2026-07-22,2027-03-19,2703,QUADRATIC,75PUT,-0.25,-0.12460955786705005,5881.666866698641,0.27722842960531596,-0.24999999991321104,8.678896490366128e-11,OK
2026-07-22,2027-03-19,2703,QUADRATIC,90PUT,-0.1,-0.28163226342201236,5026.970402132248,0.3009952383712075,-0.09999999997366507,2.6334934233318563e-11,OK
2026-07-22,2027-03-19,2703,QUADRATIC,ATM,,0.0,6662.2,0.27033463782076866,,,OK
2026-07-22,2027-06-18,2706,QUADRATIC,10CALL,0.1,0.4008154478073121,9792.523596357223,0.2973747169491419,0.10000000006568648,6.568647015203766e-11,OK
2026-07-22,2027-06-18,2706,QUADRATIC,25CALL,0.25,0.2115819116830826,8104.226048997045,0.27892713262069274,0.24999999997846362,2.1536383787434943e-11,OK
2026-07-22,2027-06-18,2706,QUADRATIC,75PUT,-0.25,-0.1312668457031249,5751.938351898087,0.2539270998958825,-0.24999999998233735,1.7662649121064078e-11,OK
2026-07-22,2027-06-18,2706,QUADRATIC,90PUT,-0.1,-0.2717697968482971,4997.980603410587,0.24681747253766148,-0.0999999999979697,2.0303064784954472e-12,OK
2026-07-22,2027-06-18,2706,QUADRATIC,ATM,,0.0,6558.774348515938,0.2622165226448121,,,OK
2026-07-23,2026-08-21,2608,QUADRATIC,10CALL,0.1,0.11305011606216431,7990.541770747965,0.3030181949392395,0.09999999996575996,3.424004135776926e-11,OK
2026-07-23,2026-08-21,2608,QUADRATIC,25CALL,0.25,0.058939788997173316,7569.660637438366,0.29253842540325975,0.25000000009597634,9.597633798819061e-11,OK
2026-07-23,2026-08-21,2608,QUADRATIC,75PUT,-0.25,-0.05523420220613484,6752.9148770777665,0.31119027780539144,-0.2500000000293819,2.9381885813251074e-11,OK
2026-07-23,2026-08-21,2608,QUADRATIC,90PUT,-0.1,-0.12036814308166494,6327.08930162915,0.34660939770022525,-0.09999999997124757,2.8752430991652034e-11,OK
2026-07-23,2026-08-21,2608,QUADRATIC,ATM,,0.0,7136.4,0.2952600713360062,,,OK
2026-07-23,2026-09-18,2609,QUADRATIC,10CALL,0.1,0.1640969870090485,8332.668472012916,0.3095684297191006,0.09999999998473989,1.526011261798743e-11,OK
2026-07-23,2026-09-18,2609,QUADRATIC,25CALL,0.25,0.08525777149200439,7700.956440068372,0.2951526328436126,0.24999999996450412,3.549588400986181e-11,OK
2026-07-23,2026-09-18,2609,QUADRATIC,75PUT,-0.25,-0.07436818277835854,6564.777267224012,0.3075624754209002,-0.2500000000427629,4.2762904328697005e-11,OK
2026-07-23,2026-09-18,2609,QUADRATIC,90PUT,-0.1,-0.16212752437591543,6013.213141876631,0.33811018536002163,-0.10000000003226726,3.22672583097372e-11,OK
2026-07-23,2026-09-18,2609,QUADRATIC,ATM,,0.0,7071.6,0.29485201305769765,,,OK
2026-07-23,2026-10-16,2610,QUADRATIC,10CALL,0.1,0.19704224538803103,8567.874487309104,0.3019175222200643,0.10000000000664436,6.644351735474174e-12,OK
2026-07-23,2026-10-16,2610,QUADRATIC,25CALL,0.25,0.10041137826442718,7778.696793581605,0.28132697797155803,0.250000000009935,9.934997269311907e-12,OK
2026-07-23,2026-10-16,2610,QUADRATIC,75PUT,-0.25,-0.08598281347751602,6455.901186499023,0.2969106937985396,-0.24999999994816421,5.183578566381186e-11,OK
2026-07-23,2026-10-16,2610,QUADRATIC,90PUT,-0.1,-0.19688450169563287,5778.2041686799375,0.34074534971547166,-0.1000000000830016,8.300159171081845e-11,OK
2026-07-23,2026-10-16,2610,QUADRATIC,ATM,,0.0,7035.561050091974,0.280671470657187,,,OK
2026-07-23,2026-12-18,2612,QUADRATIC,10CALL,0.1,0.2684690449237823,8994.059502346476,0.3064772867123922,0.09999999997724436,2.2755644590866098e-11,OK
2026-07-23,2026-12-18,2612,QUADRATIC,25CALL,0.25,0.1376350040435791,7891.058343822551,0.2843181797417476,0.2499999999506206,4.937938946625309e-11,OK
2026-07-23,2026-12-18,2612,QUADRATIC,75PUT,-0.25,-0.1019662672281264,6209.801879393015,0.27508251485157914,-0.2500000000242221,2.422212430630566e-11,OK
2026-07-23,2026-12-18,2612,QUADRATIC,90PUT,-0.1,-0.21537409460544582,5544.027180591927,0.28484941252731644,-0.10000000000189728,1.897274004569738e-12,OK
2026-07-23,2026-12-18,2612,QUADRATIC,ATM,,0.0,6876.4,0.27405664410080866,,,OK
2026-07-23,2027-03-19,2703,QUADRATIC,10CALL,0.1,0.34434667849540723,9452.74277393034,0.3041732258782452,0.10000000001215642,1.2156414763708767e-11,OK
2026-07-23,2027-03-19,2703,QUADRATIC,25CALL,0.25,0.17374252438545232,7970.129857140275,0.2758522779605662,0.2500000000064712,6.471212454783881e-12,OK
2026-07-23,2027-03-19,2703,QUADRATIC,75PUT,-0.25,-0.11993989765644061,5941.837113172179,0.26488267267785054,-0.2500000000704146,7.041461858037223e-11,OK
2026-07-23,2027-03-19,2703,QUADRATIC,90PUT,-0.1,-0.26049078774452217,5162.740141825249,0.27654451188159385,-0.09999999999083581,9.164197178890277e-12,OK
2026-07-23,2027-03-19,2703,QUADRATIC,ATM,,0.0,6699.0,0.26358835093925587,,,OK
2026-07-23,2027-06-18,2706,QUADRATIC,10CALL,0.1,0.3931262130737305,9769.967237190325,0.29261837144619995,0.09999999992440066,7.559934622758391e-11,OK
2026-07-23,2027-06-18,2706,QUADRATIC,25CALL,0.25,0.20166091322898866,8067.533624207721,0.268047931112323,0.25000000000812755,8.127554185222152e-12,OK
2026-07-23,2027-06-18,2706,QUADRATIC,75PUT,-0.25,-0.12855731904506668,5798.675796405497,0.24758985164142625,-0.24999999995360725,4.639275075213334e-11,OK
2026-07-23,2027-06-18,2706,QUADRATIC,90PUT,-0.1,-0.271928780078888,5024.159214696324,0.24734653521581404,-0.10000000006833823,6.833822396856704e-11,OK
2026-07-23,2027-06-18,2706,QUADRATIC,ATM,,0.0,6594.176424278942,0.2522558836826411,,,OK
2026-07-24,2026-08-21,2608,QUADRATIC,10CALL,0.1,0.11927422618865968,7824.108541867132,0.32479652046641705,0.10000000007092702,7.092701426181236e-11,OK
2026-07-24,2026-08-21,2608,QUADRATIC,25CALL,0.25,0.06259027928113936,7392.942719936819,0.3150815311869107,0.24999999996734837,3.265163139865024e-11,OK
2026-07-24,2026-08-21,2608,QUADRATIC,75PUT,-0.25,-0.059838033437728935,6541.048972446586,0.34524543593614393,-0.250000000056206,5.620598431121948e-11,OK
2026-07-24,2026-08-21,2608,QUADRATIC,90PUT,-0.1,-0.13535506176948536,6065.278846120213,0.3987172359675016,-0.0999999999470609,5.2939111427896535e-11,OK
2026-07-24,2026-08-21,2608,QUADRATIC,ATM,,0.0,6944.4,0.3217668883325296,,,OK
2026-07-24,2026-09-18,2609,QUADRATIC,10CALL,0.1,0.1702400374412537,8157.092210617928,0.3234793718092656,0.09999999998115058,1.884942202323714e-11,OK
2026-07-24,2026-09-18,2609,QUADRATIC,25CALL,0.25,0.08921289306879043,7522.2147885925615,0.31051646057702437,0.25000000001092204,1.0922041049354902e-11,OK
2026-07-24,2026-09-18,2609,QUADRATIC,75PUT,-0.25,-0.07878480476140984,6358.947756219003,0.33088781083238306,-0.24999999999252007,7.479933339382683e-12,OK
2026-07-24,2026-09-18,2609,QUADRATIC,90PUT,-0.1,-0.17578689539432518,5771.089163602679,0.3716814003569897,-0.09999999999939443,6.055711487817916e-13,OK
2026-07-24,2026-09-18,2609,QUADRATIC,ATM,,0.0,6880.2,0.3133964524014079,,,OK
2026-07-24,2026-10-16,2610,QUADRATIC,10CALL,0.1,0.20766117262840272,8421.112637842461,0.3191945387678165,0.10000000004673798,4.673797460164053e-11,OK
2026-07-24,2026-10-16,2610,QUADRATIC,25CALL,0.25,0.10512668466567993,7600.450134963783,0.2951134823312643,0.2500000000953143,9.531431199860663e-11,OK
2026-07-24,2026-10-16,2610,QUADRATIC,75PUT,-0.25,-0.08862709164619431,6261.712421792529,0.3091339735936724,-0.2500000000828148,8.281481056471307e-11,OK
2026-07-24,2026-10-16,2610,QUADRATIC,90PUT,-0.1,-0.20280394101142882,5586.074744659998,0.35385189370585557,-0.10000000004674849,4.6748480087011046e-11,OK
2026-07-24,2026-10-16,2610,QUADRATIC,ATM,,0.0,6842.004807204403,0.29305985515670824,,,OK
2026-07-24,2026-12-18,2612,QUADRATIC,10CALL,0.1,0.2775863621234894,8823.79961564324,0.3172442597523216,0.09999999996586746,3.4132544013409927e-11,OK
2026-07-24,2026-12-18,2612,QUADRATIC,25CALL,0.25,0.1423017216920853,7707.300004283058,0.29388850600627814,0.24999999991125493,8.874506685074834e-11,OK
2026-07-24,2026-12-18,2612,QUADRATIC,75PUT,-0.25,-0.10507324397563922,6018.228618355542,0.28596118412988764,-0.24999999997828207,2.171793300753677e-11,OK
2026-07-24,2026-12-18,2612,QUADRATIC,90PUT,-0.1,-0.22392860031127926,5343.803205523861,0.2981454778405862,-0.09999999998614555,1.385445924650952e-11,OK
2026-07-24,2026-12-18,2612,QUADRATIC,ATM,,0.0,6685.0,0.2838346741105253,,,OK
2026-07-24,2027-03-19,2703,QUADRATIC,10CALL,0.1,0.35016250467300414,9243.321277829038,0.30953274002799025,0.099999999907018,9.298201097962533e-11,OK
2026-07-24,2027-03-19,2703,QUADRATIC,25CALL,0.25,0.17831829953193665,7783.896603449964,0.2827698778279542,0.24999999992702798,7.297201731759628e-11,OK
2026-07-24,2027-03-19,2703,QUADRATIC,75PUT,-0.25,-0.12614777994155874,5740.756419824428,0.2826766813733696,-0.24999999998728933,1.2710665853177261e-11,OK
2026-07-24,2027-03-19,2703,QUADRATIC,90PUT,-0.1,-0.285353464126587,4895.837223980753,0.3067171556646972,-0.10000000006916503,6.91650209327932e-11,OK
2026-07-24,2027-03-19,2703,QUADRATIC,ATM,,0.0,6512.6,0.27537474146786917,,,OK
2026-07-24,2027-06-18,2706,QUADRATIC,10CALL,0.1,0.4031861987113954,9597.248557418861,0.2998712062455493,0.09999999996745924,3.254076175185361e-11,OK
2026-07-24,2027-06-18,2706,QUADRATIC,25CALL,0.25,0.21293644762039185,7934.550445170175,0.28128792775106165,0.25000000003163914,3.163913575576771e-11,OK
2026-07-24,2027-06-18,2706,QUADRATIC,75PUT,-0.25,-0.13196884071826928,5619.942369759495,0.2564138952111415,-0.24999999995392846,4.6071535475533665e-11,OK
2026-07-24,2027-06-18,2706,QUADRATIC,90PUT,-0.1,-0.2736739511489868,4877.419548329964,0.24948775660798825,-0.10000000007491719,7.491718356789079e-11,OK
2026-07-24,2027-06-18,2706,QUADRATIC,ATM,,0.0,6412.763171727528,0.26458913351941704,,,OK
2026-07-27,2026-08-21,2608,QUADRATIC,10CALL,0.1,0.1118350853919983,8060.687562209219,0.3229393242700845,0.0999999999421801,5.7819901644329263e-11,OK
2026-07-27,2026-08-21,2608,QUADRATIC,25CALL,0.25,0.057337705910205844,7633.156677078302,0.30691229193746283,0.24999999995101052,4.898947914000473e-11,OK
2026-07-27,2026-08-21,2608,QUADRATIC,75PUT,-0.25,-0.052505414962768594,6839.115141651874,0.31736488700920285,-0.2499999999750631,2.493691364513495e-11,OK
2026-07-27,2026-08-21,2608,QUADRATIC,90PUT,-0.1,-0.11221392774581895,6442.713776539733,0.34702506259923027,-0.0999999999584401,4.155990829257661e-11,OK
2026-07-27,2026-08-21,2608,QUADRATIC,ATM,,0.0,7207.8,0.3052379166358455,,,OK
2026-07-27,2026-09-18,2609,QUADRATIC,10CALL,0.1,0.16298966455459593,8414.312921123688,0.31894400391178707,0.09999999995716302,4.283698396001512e-11,OK
2026-07-27,2026-09-18,2609,QUADRATIC,25CALL,0.25,0.0836215057373047,7772.299108648065,0.30059091420843614,0.2500000000408433,4.084327320796888e-11,OK
2026-07-27,2026-09-18,2609,QUADRATIC,75PUT,-0.25,-0.0738734687566758,6639.728284858512,0.316529450111422,-0.24999999996163014,3.836986284255772e-11,OK
2026-07-27,2026-09-18,2609,QUADRATIC,90PUT,-0.1,-0.16520997881889335,6060.1498750619085,0.3576709075819374,-0.09999999998503589,1.4964113281834557e-11,OK
2026-07-27,2026-09-18,2609,QUADRATIC,ATM,,0.0,7148.8,0.3003833644241241,,,OK
2026-07-27,2026-10-16,2610,QUADRATIC,10CALL,0.1,0.21485556745529177,8771.483295430717,0.33567635420484926,0.10000000002671627,2.671626808670169e-11,OK
2026-07-27,2026-10-16,2610,QUADRATIC,25CALL,0.25,0.10089886307716371,7826.764612543275,0.2894242602017409,0.25000000006298995,6.298994659204027e-11,OK
2026-07-27,2026-10-16,2610,QUADRATIC,75PUT,-0.25,-0.0827273684740065,6513.799907244123,0.2910814349997411,-0.24999999993515445,6.484554559982314e-11,OK
2026-07-27,2026-10-16,2610,QUADRATIC,90PUT,-0.1,-0.18969692301750177,5852.994639761824,0.3353863001404994,-0.09999999999077613,9.223871666463879e-12,OK
2026-07-27,2026-10-16,2610,QUADRATIC,ATM,,0.0,7075.5866407743815,0.2786970722598248,,,OK
2026-07-27,2026-12-18,2612,QUADRATIC,10CALL,0.1,0.2679296913146973,9086.731071668677,0.3101020725258392,0.10000000007302726,7.302725091307138e-11,OK
2026-07-27,2026-12-18,2612,QUADRATIC,25CALL,0.25,0.1356794809103012,7961.0827544058175,0.28453198173763683,0.24999999995477484,4.5225156952710677e-11,OK
2026-07-27,2026-12-18,2612,QUADRATIC,75PUT,-0.25,-0.10298799908161149,6270.759847095617,0.28209887518729526,-0.25000000008705164,8.705164367128759e-11,OK
2026-07-27,2026-12-18,2612,QUADRATIC,90PUT,-0.1,-0.22483980584144592,5551.375463291227,0.30254837420468494,-0.10000000006481219,6.481218339793315e-11,OK
2026-07-27,2026-12-18,2612,QUADRATIC,ATM,,0.0,6951.0,0.2762490250260357,,,OK
2026-07-27,2027-03-19,2703,QUADRATIC,10CALL,0.1,0.3323468160629274,9441.489431997978,0.2968816121054659,0.10000000004016442,4.016441346177402e-11,OK
2026-07-27,2027-03-19,2703,QUADRATIC,25CALL,0.25,0.17051775240898132,8030.804284222168,0.2736248597046397,0.24999999995464675,4.5353248934176804e-11,OK
2026-07-27,2027-03-19,2703,QUADRATIC,75PUT,-0.25,-0.1252559995651244,5974.562843642066,0.2818843296222975,-0.2500000000437943,4.3794301518573775e-11,OK
2026-07-27,2027-03-19,2703,QUADRATIC,90PUT,-0.1,-0.2906807260513306,5063.6430996740655,0.3151198795622837,-0.09999999990054081,9.945919088316657e-11,OK
2026-07-27,2027-03-19,2703,QUADRATIC,ATM,,0.0,6771.8,0.27037550337464905,,,OK
2026-07-27,2027-06-18,2706,QUADRATIC,10CALL,0.1,0.38005176997184753,9697.921540851567,0.28545272687000967,0.09999999997917518,2.0824827973164872e-11,OK
2026-07-27,2027-06-18,2706,QUADRATIC,25CALL,0.25,0.20741542303562166,8160.253555523766,0.2762542041522725,0.24999999999800904,1.9909629500602932e-12,OK
2026-07-27,2027-06-18,2706,QUADRATIC,75PUT,-0.25,-0.1310585687160491,5817.096474545649,0.25524669341788003,-0.25000000007142625,7.142625380041068e-11,OK
2026-07-27,2027-06-18,2706,QUADRATIC,90PUT,-0.1,-0.26872309088706975,5068.965369020575,0.24557615606916425,-0.09999999992529587,7.470413176946522e-11,OK
2026-07-27,2027-06-18,2706,QUADRATIC,ATM,,0.0,6631.690960016262,0.26384800204828146,,,OK
2026-07-28,2026-08-21,2608,QUADRATIC,10CALL,0.1,0.11687150645256045,7869.398543133305,0.3439572040059321,0.10000000002752665,2.7526647627951206e-11,OK
2026-07-28,2026-08-21,2608,QUADRATIC,25CALL,0.25,0.06119872611761093,7443.259480884109,0.33312909466800283,0.2500000000372605,3.7260472485201035e-11,OK
2026-07-28,2026-08-21,2608,QUADRATIC,75PUT,-0.25,-0.057900351762771654,6607.529137810482,0.35979083825327973,-0.2500000000916951,9.169509596063108e-11,OK
2026-07-28,2026-08-21,2608,QUADRATIC,90PUT,-0.1,-0.12842123401165004,6157.611107140368,0.4075871949161052,-0.10000000003269674,3.2696734209025635e-11,OK
2026-07-28,2026-08-21,2608,QUADRATIC,ATM,,0.0,7001.4,0.338347130741833,,,OK
2026-07-28,2026-09-18,2609,QUADRATIC,10CALL,0.1,0.1679044953584671,8212.581097980828,0.3312677164154802,0.10000000001582446,1.5824452859192206e-11,OK
2026-07-28,2026-09-18,2609,QUADRATIC,25CALL,0.25,0.08875464403629302,7587.615717834087,0.3206568285463595,0.2500000000298329,2.9832913917005044e-11,OK
2026-07-28,2026-09-18,2609,QUADRATIC,75PUT,-0.25,-0.08057715010643006,6405.683308349494,0.35206479300918236,-0.2500000000164294,1.6429413385310454e-11,OK
2026-07-28,2026-09-18,2609,QUADRATIC,90PUT,-0.1,-0.18555172562599176,5767.340396197652,0.40856572225879884,-0.09999999992153842,7.846158445179441e-11,OK
2026-07-28,2026-09-18,2609,QUADRATIC,ATM,,0.0,6943.2,0.3279223860149667,,,OK
2026-07-28,2026-10-16,2610,QUADRATIC,10CALL,0.1,0.20298128938674928,8451.462848522266,0.3200709542573724,0.10000000008158479,8.158478059794305e-11,OK
2026-07-28,2026-10-16,2610,QUADRATIC,25CALL,0.25,0.10312884962558747,7648.3283283752235,0.2970992292830456,0.2500000000042495,4.249489649055249e-12,OK
2026-07-28,2026-10-16,2610,QUADRATIC,75PUT,-0.25,-0.09280482232570636,6287.436480323101,0.3338631444556864,-0.2500000000486597,4.865968739053983e-11,OK
2026-07-28,2026-10-16,2610,QUADRATIC,90PUT,-0.1,-0.23778531217575075,5438.878834303728,0.43086274773952465,-0.10000000007615154,7.615152952666904e-11,OK
2026-07-28,2026-10-16,2610,QUADRATIC,ATM,,0.0,6898.8743124271605,0.30293437809962787,,,OK
2026-07-28,2026-12-18,2612,QUADRATIC,10CALL,0.1,0.2682377285957337,8832.706529294703,0.31151358544915364,0.10000000009363681,9.363680664176144e-11,OK
2026-07-28,2026-12-18,2612,QUADRATIC,25CALL,0.25,0.1406722594499588,7774.864371342444,0.29488195158997127,0.24999999996271433,3.7285674547860026e-11,OK
2026-07-28,2026-12-18,2612,QUADRATIC,75PUT,-0.25,-0.11058124184608446,6047.485177079989,0.3080853928891135,-0.24999999992235816,7.764183740377462e-11,OK
2026-07-28,2026-12-18,2612,QUADRATIC,90PUT,-0.1,-0.25064991474151604,5257.070011531148,0.34191414228614586,-0.09999999992372748,7.627252995856537e-11,OK
2026-07-28,2026-12-18,2612,QUADRATIC,ATM,,0.0,6754.6,0.294762634954961,,,OK
2026-07-28,2027-03-19,2703,QUADRATIC,10CALL,0.1,0.33332398867607127,9191.417540569006,0.2983164569374879,0.09999999999786995,2.1300600172580175e-12,OK
2026-07-28,2027-03-19,2703,QUADRATIC,25CALL,0.25,0.17437510871887207,7840.646499810384,0.2796202406382614,0.25000000004800765,4.8007653408177475e-11,OK
2026-07-28,2027-03-19,2703,QUADRATIC,75PUT,-0.25,-0.13333252799510947,5763.896121100847,0.30584832716809307,-0.24999999999307598,6.924016915377251e-12,OK
2026-07-28,2027-03-19,2703,QUADRATIC,90PUT,-0.1,-0.33115749740600586,4729.354323603226,0.3661845570124697,-0.10000000005187741,5.18774051494475e-11,OK
2026-07-28,2027-03-19,2703,QUADRATIC,ATM,,0.0,6586.0,0.284376462055789,,,OK
2026-07-28,2027-06-18,2706,QUADRATIC,10CALL,0.1,0.3825953102111817,9563.120814274216,0.2876324153904527,0.09999999995724514,4.275486908955628e-11,OK
2026-07-28,2027-06-18,2706,QUADRATIC,25CALL,0.25,0.20345192503929138,7994.635335113518,0.2721177807324114,0.24999999995720215,4.279784859839708e-11,OK
2026-07-28,2027-06-18,2706,QUADRATIC,75PUT,-0.25,-0.14464803171157828,5644.438797906014,0.29109040385367,-0.2499999999551057,4.489431049137238e-11,OK
2026-07-28,2027-06-18,2706,QUADRATIC,90PUT,-0.1,-0.3508591785430907,4592.661162553362,0.3329214804456737,-0.09999999995766153,4.2338479944170615e-11,OK
2026-07-28,2027-06-18,2706,QUADRATIC,ATM,,0.0,6522.898344888222,0.2753304349484748,,,OK
2026-07-29,2026-08-21,2608,QUADRATIC,10CALL,0.1,0.11908495128154753,7986.866460370763,0.3577851000177161,0.10000000008723917,8.723916034014678e-11,OK
2026-07-29,2026-08-21,2608,QUADRATIC,25CALL,0.25,0.06251311028003692,7547.577562826222,0.347168771309306,0.24999999991827673,8.172326704247723e-11,OK
2026-07-29,2026-08-21,2608,QUADRATIC,75PUT,-0.25,-0.058471135556697904,6687.51538870464,0.37142232591263596,-0.2500000000521475,5.214750853355099e-11,OK
2026-07-29,2026-08-21,2608,QUADRATIC,90PUT,-0.1,-0.12776955091953268,6239.77421336672,0.41413912590727797,-0.09999999998043307,1.9566931408476762e-11,OK
2026-07-29,2026-08-21,2608,QUADRATIC,ATM,,0.0,7090.2,0.3517105612637511,,,OK
2026-07-29,2026-09-18,2609,QUADRATIC,10CALL,0.1,0.17118689799308778,8363.000488458993,0.34073713062290556,0.10000000008065851,8.065850765071048e-11,OK
2026-07-29,2026-09-18,2609,QUADRATIC,25CALL,0.25,0.09057155704498292,7715.273471070824,0.32988603737590283,0.24999999996144215,3.855785135620238e-11,OK
2026-07-29,2026-09-18,2609,QUADRATIC,75PUT,-0.25,-0.08121584254503245,6497.480798193439,0.3586462058327279,-0.2499999999946724,5.327599472693123e-12,OK
2026-07-29,2026-09-18,2609,QUADRATIC,90PUT,-0.1,-0.18443580794334408,5860.263490751396,0.40989347853851155,-0.10000000004985128,4.98512758850822e-11,OK
2026-07-29,2026-09-18,2609,QUADRATIC,ATM,,0.0,7047.2,0.3362474042135116,,,OK
2026-07-29,2026-10-16,2610,QUADRATIC,10CALL,0.1,0.20652828431129455,8566.63485789821,0.3274137461193088,0.09999999995349783,4.6502177108997955e-11,OK
2026-07-29,2026-10-16,2610,QUADRATIC,25CALL,0.25,0.10579866671562194,7745.758262360326,0.3060233749992392,0.2499999999062497,9.375031306824155e-11,OK
2026-07-29,2026-10-16,2610,QUADRATIC,75PUT,-0.25,-0.08991926676034911,6368.904259870249,0.3239844271989974,-0.24999999999721156,2.788436148648543e-12,OK
2026-07-29,2026-10-16,2610,QUADRATIC,90PUT,-0.1,-0.20651856350898734,5667.953638736239,0.3720437608652046,-0.09999999999523178,4.768227479523546e-12,OK
2026-07-29,2026-10-16,2610,QUADRATIC,ATM,,0.0,6968.128674219178,0.30597282991352426,,,OK
2026-07-29,2026-12-18,2612,QUADRATIC,10CALL,0.1,0.2599748582839966,8926.545355031016,0.30359409273099575,0.09999999994950858,5.049143048108107e-11,OK
2026-07-29,2026-12-18,2612,QUADRATIC,25CALL,0.25,0.13610957956314088,7886.592635641004,0.2873191722919517,0.24999999994980823,5.019176740894693e-11,OK
2026-07-29,2026-12-18,2612,QUADRATIC,75PUT,-0.25,-0.11052255070209488,6162.805133544586,0.3089500727652726,-0.25000000005991263,5.991263041238426e-11,OK
2026-07-29,2026-12-18,2612,QUADRATIC,90PUT,-0.1,-0.25983861160278326,5308.00464632524,0.3570078824503098,-0.10000000007021816,7.0218150738377e-11,OK
2026-07-29,2026-12-18,2612,QUADRATIC,ATM,,0.0,6883.0,0.2903607503165512,,,OK
2026-07-29,2027-03-19,2703,QUADRATIC,10CALL,0.1,0.3283844714164734,9326.106794600122,0.29486599235557215,0.10000000005750985,5.750984410912707e-11,OK
2026-07-29,2027-03-19,2703,QUADRATIC,25CALL,0.25,0.17037427520751955,7963.013060225097,0.27457397877995815,0.2500000000782443,7.824429992808746e-11,OK
2026-07-29,2027-03-19,2703,QUADRATIC,75PUT,-0.25,-0.13134414839744557,5889.0166412788285,0.30061656627254535,-0.24999999993028613,6.971387356280445e-11,OK
2026-07-29,2027-03-19,2703,QUADRATIC,90PUT,-0.1,-0.32849302816390996,4835.285375492894,0.3635725193366205,-0.10000000008299385,8.299384790522168e-11,OK
2026-07-29,2027-03-19,2703,QUADRATIC,ATM,,0.0,6715.6,0.27882723163279366,,,OK
2026-07-29,2027-06-18,2706,QUADRATIC,10CALL,0.1,0.37479655003547674,9584.08403204019,0.2827064386853093,0.0999999999757758,2.422420597447683e-11,OK
2026-07-29,2027-06-18,2706,QUADRATIC,25CALL,0.25,0.20657962965965276,8100.184902683196,0.276126583499808,0.24999999996313807,3.686193017493622e-11,OK
2026-07-29,2027-06-18,2706,QUADRATIC,75PUT,-0.25,-0.13846609127521506,5736.453532918635,0.27499197509776124,-0.2499999999690055,3.099451251209473e-11,OK
2026-07-29,2027-06-18,2706,QUADRATIC,90PUT,-0.1,-0.30150535798072814,4873.449006273283,0.28023814137437564,-0.09999999996915836,3.0841648679391653e-11,OK
2026-07-29,2027-06-18,2706,QUADRATIC,ATM,,0.0,6588.378471275756,0.27345064116169526,,,OK
